dt_bst_date,Pred_label,retweets_count,likes_count
30/6/2021,0.4,2495.2,16504.5
29/6/2021,0.166666667,1153.25,10513.58333
28/6/2021,0.75,5541.5,117710
27/6/2021,0.5,13021.5,165885.5
26/6/2021,0.666666667,5505.333333,81219.66667
25/6/2021,0.310344828,3126.551724,32891.06897
24/6/2021,0.857142857,1564.857143,30619.28571
23/6/2021,0,636,12135
22/6/2021,0.75,2728,7155.5
21/6/2021,0.4,3435,34411
20/6/2021,1,8554.5,167098.5
19/6/2021,0.666666667,699.3333333,17927.66667
18/6/2021,1,739,8619
17/6/2021,0.529411765,1910,20256.70588
16/6/2021,0.777777778,643.4444444,9592.444444
15/6/2021,0.666666667,3931.333333,60657.16667
14/6/2021,0.333333333,5896.5,79912.91667
13/6/2021,0.8,3894.3,35028.3
12/6/2021,1,1080.5,4847.5
11/6/2021,0.571428571,2261.857143,37800.42857
10/6/2021,0.4,608.8,8990.8
9/6/2021,0.428571429,1201.142857,11643.57143
8/6/2021,1,1016,17028
7/6/2021,0.75,2197.5,13607.75
6/6/2021,0.277777778,3950.277778,59671.11111
5/6/2021,0.4,12417.4,111887.9
4/6/2021,0.333333333,7195,74804.75
3/6/2021,0.333333333,2500.333333,12638.33333
2/6/2021,0,4137.4375,35740.6875
1/6/2021,0.714285714,1308.714286,21049.14286
31/5/2021,1,896,19126
30/5/2021,0.4,2179.7,25587.4
29/5/2021,0.363636364,1322.909091,22522.18182
28/5/2021,0.4,5475.8,85527.4
27/5/2021,0.333333333,1397.333333,14318.83333
26/5/2021,0.230769231,3963.076923,40154.84615
25/5/2021,0.666666667,5014.333333,34364.33333
24/5/2021,0.25,24950.25,180364
23/5/2021,0.666666667,16313.33333,154153.3333
22/5/2021,0.6,8517.8,89413
21/5/2021,0.5,2805.25,39823.25
20/5/2021,0.541666667,4449.958333,35336.58333
19/5/2021,0.666666667,12658.66667,118261
18/5/2021,0.5,6088.166667,95990.16667
17/5/2021,0,9769.5,62296.5
16/5/2021,0.4,5906.2,32343.13333
15/5/2021,1,1235,22825
14/5/2021,0.555555556,18490.22222,110240.7778
13/5/2021,0.2,28823,246335.8
12/5/2021,0.5,789.875,13514.125
11/5/2021,0.666666667,19979.16667,127098.8333
10/5/2021,0.833333333,21037.83333,118095.6667
9/5/2021,0,5222.5,74783
8/5/2021,0.857142857,7398.857143,83241.42857
7/5/2021,0.25,18524.5,131219.1667
6/5/2021,0.5,10367.28571,104799.5714
5/5/2021,0.5,793.25,13378.25
4/5/2021,0.5,6351.5,3730.25
3/5/2021,0.75,2886.75,59971.5
2/5/2021,0.5,4495.5,36782.375
1/5/2021,0.2,6889.8,101114.4
30/4/2021,0.333333333,1867.666667,27318.33333
29/4/2021,0.666666667,1007.555556,7041
28/4/2021,0.529411765,5376.117647,38128.29412
27/4/2021,0.454545455,3198.181818,40619.18182
26/4/2021,0.4,831.8,5647.6
25/4/2021,0.5,8518,144721.25
24/4/2021,0.666666667,15313.66667,144271.3333
23/4/2021,0.4,2470.2,29863.9
22/4/2021,0.588235294,4330,51972.11765
21/4/2021,0.25,2095.25,29783.75
20/4/2021,0.555555556,1442.888889,15876.77778
19/4/2021,1,2468,19869.5
18/4/2021,0.4,5810.6,35258.6
17/4/2021,0.666666667,17433.5,184732
16/4/2021,0.4,9948.9,97364
15/4/2021,0.454545455,4882.681818,43012.18182
14/4/2021,0.444444444,1196.222222,27676
13/4/2021,-1,1152,26728
11/4/2021,0.666666667,2563.111111,66332
10/4/2021,0.409090909,5252.863636,71331.40909
9/4/2021,0.458333333,4249,51475.08333
8/4/2021,0.2,1429.2,40212.4
7/4/2021,0.416666667,1491.083333,22840.08333
6/4/2021,0.666666667,2192,53446.66667
5/4/2021,0.375,2558.75,39437.5625
4/4/2021,0.25,12308.75,163804
3/4/2021,-0.5,3684.75,85262.25
2/4/2021,1,848.5,33104
1/4/2021,0.666666667,9345.666667,112795.8333
31/3/2021,0.666666667,4386,46889.33333
30/3/2021,0.4,4093.466667,56153.73333
29/3/2021,0,1793.5,44541.5
28/3/2021,0.4,11163.4,163603.6
27/3/2021,0.5,5246.5,64953.5
26/3/2021,1,499.8333333,7451.666667
25/3/2021,0.083333333,8157.583333,113808.4167
24/3/2021,0.25,18744.25,159908.25
23/3/2021,0.75,5983.375,64311.125
22/3/2021,1,146,3470
21/3/2021,0.818181818,1462.272727,21205.54545
20/3/2021,0.666666667,4888.5,77831.83333
19/3/2021,0.5,3179.142857,52987.21429
18/3/2021,0.25,5567.5,108182.25
17/3/2021,0.25,1873.5,37855.25
16/3/2021,0,5198,80826
15/3/2021,0.333333333,10808,94202
14/3/2021,0.411764706,9818.941176,116013.3529
13/3/2021,0.5,2855,47002
12/3/2021,0.25,5899.5,99582.25
11/3/2021,0.7,391.4,10567.3
10/3/2021,0.666666667,311.6666667,7544.5
9/3/2021,0.142857143,455.8571429,8349
8/3/2021,0.571428571,3319.142857,92379.14286
7/3/2021,0,9741.75,108134
6/3/2021,0.416666667,4453.583333,58312.91667
5/3/2021,0.333333333,6456,103216.5
4/3/2021,0,5663.75,61047
3/3/2021,0.615384615,2566.076923,51528.61538
2/3/2021,0,5330.9,72354.4
1/3/2021,0.333333333,8572.888889,108114.5556
26/2/2021,0.333333333,4198.5,90212.66667
25/2/2021,0.411764706,6305.235294,97431.23529
24/2/2021,0.153846154,6881.923077,67770.84615
23/2/2021,-0.142857143,3444.857143,61793.85714
22/2/2021,0.444444444,969.8888889,26423.44444
21/2/2021,0.285714286,10604,109265.4286
20/2/2021,1,5353,70447.77778
19/2/2021,0.2,8325.4,98764
18/2/2021,1,302,7506
17/2/2021,0,5280.5,78198
16/2/2021,0.428571429,1203.285714,17398.85714
15/2/2021,-0.125,16377.625,170672
14/2/2021,1,821,16626
13/2/2021,0.5,6763.333333,100119.3333
12/2/2021,0.25,3596.25,33355
11/2/2021,0.6,12643.4,144248.4
10/2/2021,0.384615385,9251.461538,115056.1538
9/2/2021,0.2,2291.3,31933.3
8/2/2021,0.2,11961.1,104773.6
7/2/2021,0.666666667,26041.33333,209779.5556
6/2/2021,0.411764706,9644.941176,129359.4118
5/2/2021,0.714285714,769.8571429,23388.57143
4/2/2021,0.238095238,28449.52381,230524.7619
2/2/2021,0.25,10569.75,225586.75
1/2/2021,1,4763.25,82978
31/1/2021,0.666666667,2876.666667,44781.16667
30/1/2021,0.454545455,2450.636364,68099.45455
29/1/2021,0.222222222,13739.22222,188668.3333
28/1/2021,0.323529412,11944.61765,113433.0294
27/1/2021,0,1406,34187
26/1/2021,0.272727273,6154.454545,81547.81818
25/1/2021,0.083333333,269.75,5525.75
24/1/2021,0.4,2216.4,54198.8
23/1/2021,0.25,1640,25748.25
22/1/2021,0.666666667,10592.33333,130956.5
21/1/2021,1,383.3333333,17678.66667
18/1/2021,0.6,1421.3,20292.9
17/1/2021,1,256,14736
16/1/2021,0.4,721,35725.2
15/1/2021,0.692307692,1146.461538,19311.84615
14/1/2021,0.5,1073.5,28299.5
13/1/2021,0.3125,15562.4375,143743.375
12/1/2021,0.375,7248.25,99051.875
11/1/2021,0.375,4052.625,38372
10/1/2021,0,568,7235.5
9/1/2021,0.5,4418.055556,66535.61111
8/1/2021,0.333333333,5749.666667,115898.3333
7/1/2021,0.473684211,8412.157895,94476.63158
5/1/2021,1,223,4810
4/1/2021,0,4078.5,104453
3/1/2021,1,440,18651
2/1/2021,0.4,2122.4,40983.6
1/1/2021,1,224,3651
31/12/2020,0.5,1354.5,26252.33333
30/12/2020,0.375,1185.1875,20123.5625
29/12/2020,0.4,4526.4,58515
28/12/2020,0.166666667,826.5,29801.66667
27/12/2020,0.692307692,844,20635
26/12/2020,0.625,86,3260.75
25/12/2020,0.25,1798.25,40391.58333
24/12/2020,0.5,1590.875,34899.625
23/12/2020,0,654,27655
22/12/2020,0.666666667,3588,28830.66667
21/12/2020,0.4,2417.2,78718.2
20/12/2020,0.588235294,7503.294118,95609.94118
17/12/2020,0.6,3217,32178.9
16/12/2020,0.333333333,365.4444444,7771.222222
15/12/2020,1,338.5,9619
14/12/2020,0.2,8966.4,123977.6
13/12/2020,0,202,7989
12/12/2020,0.333333333,118.3333333,6078.666667
11/12/2020,1,346.5,15380
10/12/2020,0.375,11227.5,158355.125
9/12/2020,0,412,16576
8/12/2020,0.666666667,2427.166667,44328
7/12/2020,0.285714286,1886,45808
6/12/2020,0.5,316,10527.5
5/12/2020,1,126.5,7810.5
4/12/2020,0.333333333,2003.666667,53248.66667
3/12/2020,1,75,7371
2/12/2020,0.2,1850.4,28673.6
1/12/2020,0,148,10566
30/11/2020,0.5,256,22996
29/11/2020,0.333333333,189.3333333,4481
28/11/2020,0.714285714,60.42857143,2970
26/11/2020,0.625,1159.375,33335.625
25/11/2020,0.454545455,928,19684.54545
24/11/2020,0.857142857,165.1428571,4142.142857
23/11/2020,0.666666667,182.6666667,10229.33333
22/11/2020,1,3518,121408
21/11/2020,0.444444444,493.8333333,12102.27778
20/11/2020,0.4,218.8,6360
19/11/2020,0.571428571,116,2925.357143
18/11/2020,0.352941176,548.9411765,16741.17647
17/11/2020,0.333333333,644,10033.77778
16/11/2020,0.461538462,1645.307692,44698.84615
15/11/2020,0.142857143,434.2857143,7472.785714
14/11/2020,0.315789474,3079.894737,41491.89474
13/11/2020,0.076923077,4796.346154,30475.73077
12/11/2020,0.5,4013,50265.5
11/11/2020,1,64,4128
10/11/2020,0.5,1155.166667,35757.16667
9/11/2020,0.153846154,1729.307692,36054.23077
8/11/2020,0.3,99.9,2296
7/11/2020,0.5,2876,61294.5
6/11/2020,1,5194,72491.25
5/11/2020,-0.25,1612.75,32249.25
4/11/2020,-1,120,2733
3/11/2020,0.2,549.9,11288.2
2/11/2020,0,762.8888889,19189.11111
1/11/2020,0.2,301.7,11053.4
31/10/2020,0.5,184.8125,2889.375
30/10/2020,0.666666667,176.6666667,8639
29/10/2020,0.4,1878.8,26500.5
28/10/2020,0.5,1558.416667,27445.41667
27/10/2020,-0.142857143,162,6663.714286
26/10/2020,1,307.6666667,3772.666667
25/10/2020,0,4015.333333,67640
24/10/2020,0.333333333,81,3004
23/10/2020,0.5,256.375,7760
22/10/2020,0.583333333,435.1666667,11707.75
21/10/2020,0.555555556,1252.555556,26417.22222
19/10/2020,0,510,3081
17/10/2020,0.4,91.4,1851.4
16/10/2020,0.888888889,564.1111111,11835.22222
15/10/2020,-0.25,203.5,8911.25
14/10/2020,0.529411765,3756.058824,44533
13/10/2020,0.416666667,2402.75,31223.75
12/10/2020,0.181818182,204.8181818,4071.045455
11/10/2020,-0.142857143,1924.571429,13908.42857
10/10/2020,0.8,136.8,3698.4
9/10/2020,0.4,215.9,4943.2
8/10/2020,0.5,197.9,4673.1
7/10/2020,0.35483871,221.483871,3270.483871
6/10/2020,0.578947368,753.7894737,12966.57895
5/10/2020,0,333.5,5894.5
4/10/2020,0.333333333,14257,157314.6667
3/10/2020,0.333333333,568.3333333,17052
2/10/2020,0.5,234.6,6321.1
1/10/2020,1,142.8333333,4250.333333
30/9/2020,0.666666667,53,1829.333333
29/9/2020,-0.333333333,250,5162.666667
28/9/2020,0.545454545,357,6521.272727
27/9/2020,0.75,28628.5,171396.75
26/9/2020,0.4,1317.6,18971.88
25/9/2020,0.384615385,912.8461538,17053.69231
24/9/2020,0.4,1082.8,22752.6
23/9/2020,0.538461538,2763,30575.92308
22/9/2020,0.333333333,898.3333333,13714.33333
21/9/2020,0.631578947,484.8421053,7821.578947
20/9/2020,1,178.75,4245.5
19/9/2020,1,880,16317.33333
18/9/2020,1,11371.75,94393.75
17/9/2020,0,1611.6,30423.2
16/9/2020,0.272727273,803.0909091,18529.81818
15/9/2020,0.714285714,2524.214286,43282.5
14/9/2020,0.5,1018.166667,16963.83333
13/9/2020,0.5,156.5,5452.5
12/9/2020,0.307692308,548.5384615,8589
11/9/2020,0.75,3632.25,46825
10/9/2020,0.6,821.2,18475.7
9/9/2020,0.25,1331.75,18870
8/9/2020,0.5,6981.5,66551.5
7/9/2020,-1,571,11227
5/9/2020,0,329.6666667,9250
4/9/2020,0.5,2993.25,50161.75
3/9/2020,1,252.3333333,6249.666667
1/9/2020,0.111111111,65.22222222,1481.555556
31/8/2020,0.5,3711.75,56504.25
30/8/2020,0.086956522,546.4347826,12255.69565
29/8/2020,0.555555556,1592.666667,23259.44444
28/8/2020,0.266666667,1629.4,17621.53333
27/8/2020,0.2,1576.3,26257.2
26/8/2020,0.166666667,1103.916667,9159
25/8/2020,0.384615385,305.5384615,8504.461538
24/8/2020,1,351,6111
21/8/2020,0.5,7313.75,55954
20/8/2020,0.4375,4294.0625,53940.875
19/8/2020,0.44,2143.68,24729
18/8/2020,0.066666667,782.4666667,14657.6
17/8/2020,0.266666667,1242.2,21407.73333
16/8/2020,0.470588235,3500.411765,48833.58824
15/8/2020,0.357142857,252.3571429,5712.714286
14/8/2020,0.434782609,632.4347826,9497.869565
13/8/2020,0.285714286,665.8571429,9369.571429
12/8/2020,0,274,9333.5
11/8/2020,0.142857143,983.7142857,17053.71429
9/8/2020,0.428571429,337.5714286,12913.85714
8/8/2020,0,1015.714286,12828.14286
7/8/2020,0.090909091,2088.363636,28564.81818
5/8/2020,0.571428571,731,14314.57143
4/8/2020,0.333333333,456.8333333,9070.333333
3/8/2020,1,6892.8,73985.8
2/8/2020,0.166666667,4866.416667,78976.58333
1/8/2020,-0.25,680.25,15067.25
31/7/2020,0.454545455,7234.090909,67560.45455
30/7/2020,0.206896552,2986.551724,39137.62069
29/7/2020,0.7,523.5,10185.6
28/7/2020,0,140.875,3397.875
27/7/2020,0.461538462,4741.846154,47089.15385
26/7/2020,0.578947368,151.7894737,5521
25/7/2020,0.125,3483.625,53343.375
24/7/2020,0.375,6571.8125,71983.9375
23/7/2020,0.555555556,330.5555556,7815.222222
22/7/2020,0.15,5893.9,60187.65
21/7/2020,0.375,1379.0625,30347.125
20/7/2020,0.5,706.8333333,13597.83333
19/7/2020,0.608695652,178.9565217,6585.565217
18/7/2020,0.333333333,4278.666667,47546.41667
15/7/2020,0.3125,1622.125,25884.25
14/7/2020,0.533333333,231.2,6631.866667
13/7/2020,0.285714286,175.5,6087.357143
12/7/2020,1,51,1260
11/7/2020,0.428571429,2191,45966.14286
10/7/2020,0.526315789,474.2631579,8252.421053
9/7/2020,0.333333333,1434.333333,27061.33333
8/7/2020,-1,3078,36351
7/7/2020,1,1004.333333,15944.66667
6/7/2020,0.375,215.875,9152.875
5/7/2020,0.37037037,7363.740741,60844.59259
4/7/2020,0.536585366,750.902439,12099.53659
3/7/2020,0.526315789,119.4210526,3618.684211
2/7/2020,0.454545455,1070.272727,19760.36364
1/7/2020,0.4,447.7,8368.3
30/6/2020,0.25,1813,25316.375
29/6/2020,0,1443.333333,17189.16667
28/6/2020,0,53605,524214
27/6/2020,0.8,362.2,8331.8
26/6/2020,0.631578947,16119.10526,122419.7368
25/6/2020,0.25,1678.375,42334.25
24/6/2020,0.5,208.8333333,4831.333333
23/6/2020,0,1004.333333,17024.66667
22/6/2020,0.285714286,824.4285714,20491.28571
21/6/2020,0.457142857,1771.514286,26007.25714
20/6/2020,0.333333333,193.7777778,8802.555556
19/6/2020,0.333333333,3650.444444,49711.33333
18/6/2020,0.333333333,520.6666667,13010.33333
17/6/2020,1,35,1263
16/6/2020,0.423076923,985.3846154,13995.34615
15/6/2020,0.166666667,85.66666667,1659.166667
14/6/2020,0.5,726,18156.5
11/6/2020,0.411764706,4016.352941,39797.35294
10/6/2020,0.5,492,6801.625
9/6/2020,0.333333333,436.3333333,11067
8/6/2020,0.666666667,1341.916667,23049.16667
7/6/2020,0.230769231,883.6153846,16924.38462
6/6/2020,0.1,19993.6,124330.9
5/6/2020,0.333333333,164,3351.333333
4/6/2020,0.666666667,1867.666667,12741.83333
2/6/2020,0,28061,523637
1/6/2020,0.25,1285,29629.25
31/5/2020,0.222222222,6674.777778,87000.33333
30/5/2020,0.25,13458.5,231105.25
29/5/2020,0,427.3333333,15599.33333
28/5/2020,1,121,5746
27/5/2020,0.4,19736,217191.6
26/5/2020,0.857142857,2877.285714,29848.14286
25/5/2020,0.333333333,304.6666667,10479.33333
24/5/2020,0.5,5154.125,51932.375
23/5/2020,0.307692308,11475.61538,92740.38462
22/5/2020,0.4,346.8,5809.1
21/5/2020,0.666666667,307,6743
20/5/2020,1,119,5211
19/5/2020,0.6,8024.3,72944.1
17/5/2020,0.714285714,12957.85714,89148
16/5/2020,0.5,1911.5,12306.5
15/5/2020,0.30952381,696.8571429,10063.02381
14/5/2020,0.444444444,5836.111111,49220
13/5/2020,0.428571429,9853.571429,56558.42857
12/5/2020,0.315789474,2587.842105,34012.63158
11/5/2020,0.476190476,4179.714286,40949.47619
10/5/2020,0.142857143,1115.142857,15226.78571
9/5/2020,0.588235294,1080.529412,9731.647059
8/5/2020,0.458333333,124.3333333,3428.125
7/5/2020,0.304347826,161.7391304,3500.913043
6/5/2020,0.423076923,2599.423077,25229.34615
5/5/2020,0.181818182,5200.454545,42839
4/5/2020,0.277777778,358.7222222,8251
3/5/2020,0.9,3281,49330.8
2/5/2020,0.45,463.2,6908.8
1/5/2020,0.238095238,5027.285714,53380.95238
30/4/2020,0,3586.6,22171.65
29/4/2020,0.333333333,11678.5,81921.66667
28/4/2020,0.333333333,1861.166667,22427.5
27/4/2020,0.545454545,1034.045455,10422.13636
26/4/2020,0.3,546.9,8007.3
25/4/2020,0.615384615,1071.115385,10288.65385
24/4/2020,0.25,243,6110.5
23/4/2020,0.545454545,1662,19462.04545
22/4/2020,0.45,149.6,3447.15
21/4/2020,0.2,183.8,4417.8
20/4/2020,0.6,358.6,6061
19/4/2020,0.5,2659.4375,19940.1875
18/4/2020,0.533333333,325.1333333,4557.266667
17/4/2020,0.357142857,346.4285714,5972
16/4/2020,0.490196078,1220.490196,10669.39216
15/4/2020,0.6,597.2,15254
13/4/2020,0.333333333,6871.666667,56977.66667
12/4/2020,0,10131.4,69515.2
11/4/2020,0,219.3,3622.7
10/4/2020,0.4,12364.6,77538.6
9/4/2020,0,189.6923077,3556.538462
8/4/2020,0.75,939.5,13783.875
7/4/2020,0.333333333,1269.25,12312.33333
6/4/2020,0.692307692,965.8461538,14375.23077
5/4/2020,0.4375,1477.25,24127.5
4/4/2020,0.333333333,2821.4,22780.06667
3/4/2020,0.357142857,170.5,3216.428571
2/4/2020,-0.5,291.5,6939.333333
1/4/2020,1,151,3808
31/3/2020,0.125,8921.875,50530.375
30/3/2020,0.25,3963.5,37332.625
28/3/2020,0,399.6666667,7921.333333
27/3/2020,0.363636364,967.5454545,10604.72727
26/3/2020,0.444444444,646.3333333,12615.55556
25/3/2020,0.6,357.8,4336
24/3/2020,0.411764706,1237.470588,17131.88235
23/3/2020,0.4375,178.75,3486.1875
22/3/2020,0,429.5,4765.5
21/3/2020,0.454545455,904.5454545,13849.27273
20/3/2020,0.833333333,208,3277
19/3/2020,0.318181818,1174.409091,8199.954545
18/3/2020,0.285714286,1160,15554.28571
17/3/2020,0.625,1005.125,6186.625
16/3/2020,0.444444444,1462.333333,8499.888889
15/3/2020,0,51790,233481.5
14/3/2020,0.545454545,58.18181818,1356.818182
12/3/2020,-1,154,3137
11/3/2020,0.4,3244.55,40662.55
10/3/2020,0.555555556,5293.333333,60292.61111
9/3/2020,0,1092,17017.2
8/3/2020,0.666666667,559,7023.833333
7/3/2020,0.166666667,1226.5,22206.16667
6/3/2020,-1,301391,1593425
5/3/2020,0,487,18554
4/3/2020,0.6,135.2,2336.4
3/3/2020,0.8,6772.6,74352.3
2/3/2020,0.3,1679.9,19193.8
28/2/2020,0,319.5,4506.5
27/2/2020,0,352,9761
26/2/2020,0.666666667,401.5555556,7632.222222
25/2/2020,0.142857143,4604.214286,46950.57143
22/2/2020,0.8,619.6,12180
21/2/2020,0,6876.1,56524.5
20/2/2020,0.428571429,744.6428571,11647.5
19/2/2020,1,569.5,32114.5
18/2/2020,-0.111111111,172.6666667,3057.777778
16/2/2020,0.333333333,1952.666667,24470.66667
15/2/2020,0.523809524,543.8095238,9166.809524
14/2/2020,0.333333333,3490,25189.5
13/2/2020,0,7203.5,64481.5
12/2/2020,0.5,3746.166667,59374.66667
10/2/2020,0.523809524,499.3809524,10323.52381
9/2/2020,0.142857143,1626,31272
8/2/2020,0.444444444,1718.444444,24509.66667
7/2/2020,0.571428571,404,7765
6/2/2020,0.461538462,2251.307692,28233
5/2/2020,0.222222222,2761.111111,36587.44444
4/2/2020,0.5,1249.25,26867
3/2/2020,0.533333333,705.0666667,10501.53333
2/2/2020,0.529411765,974.9411765,13686.64706
1/2/2020,0.5,2111,18125.5
31/1/2020,0.277777778,4856.777778,52724.77778
30/1/2020,0,5964.25,78007.75
29/1/2020,0.5,3952.6,45820.7
28/1/2020,0.125,4737.625,62289.25
26/1/2020,0.5,91,3208.5
25/1/2020,0.5,1236,14405
24/1/2020,0.5,5646.5,75889.5
23/1/2020,0.857142857,313,5986
22/1/2020,0.416666667,1061.166667,17312.08333
21/1/2020,0.666666667,132.1666667,2047.333333
20/1/2020,0.666666667,668,14487.66667
19/1/2020,0.666666667,1903,37826.66667
18/1/2020,0.333333333,12178,127123.6667
17/1/2020,0.5,2185.5,19811.3
16/1/2020,0.333333333,787.5,14141.5
15/1/2020,1,242,12471
14/1/2020,0.285714286,605.2857143,10621.71429
13/1/2020,1,204,3398
12/1/2020,0.272727273,1535.727273,22147.81818
11/1/2020,0.125,951.375,14560.625
10/1/2020,0.5,5267.916667,49274.5
9/1/2020,0,20200,149126.3333
8/1/2020,1,2749,88447
7/1/2020,0.4,2664.2,27042.6
5/1/2020,0.75,7212,75213.75
4/1/2020,0.666666667,154.6666667,3415.333333
1/1/2020,-0.333333333,9425.666667,119721
31/12/2019,0.285714286,484.2857143,10517.28571
30/12/2019,0.590909091,610.8409091,6254.681818
29/12/2019,0.296296296,1557.851852,15177.22222
28/12/2019,0.375,765.625,11826.3125
27/12/2019,-0.333333333,2063,37003
26/12/2019,0.263157895,304.8421053,7764.315789
25/12/2019,0,79,1700.25
24/12/2019,1,79.33333333,2163.666667
23/12/2019,0.666666667,18986.33333,195700.3333
22/12/2019,0.074074074,982.2962963,18792.88889
21/12/2019,0.6,2209.3,25999.2
20/12/2019,0.6,777,16544.6
19/12/2019,0.5,2947,36995.125
18/12/2019,0.6,3238.2,27365.6
17/12/2019,0.333333333,280.6666667,9776.666667
14/12/2019,0.6,12857.4,106770
13/12/2019,0.6,24830.2,148502.8
12/12/2019,0.157894737,11872.15789,79502.89474
11/12/2019,0,61,2499
10/12/2019,0,712.2,13669.4
9/12/2019,1,262,13064
8/12/2019,0.375,851.25,22916.375
7/12/2019,0.5,6143.666667,59949.33333
4/12/2019,0,2026,32013
3/12/2019,-0.2,8216.4,68180.2
2/12/2019,0,12139,170204
1/12/2019,0.083333333,2042.75,44918.5
29/11/2019,0,348,12379
27/11/2019,0.714285714,4934.285714,64188
26/11/2019,1,263,9138
25/11/2019,0.333333333,14123.88889,116430.6667
24/11/2019,0.5,2353.388889,38438
23/11/2019,0.461538462,5624.153846,74387.53846
22/11/2019,0.5,6248.7,63718
21/11/2019,0.428571429,2486,32988
20/11/2019,0,379,8305.333333
19/11/2019,0.777777778,1222.222222,17121.11111
18/11/2019,-0.2,357.4,4186.6
16/11/2019,0.333333333,1920.666667,20366
15/11/2019,0,3326.333333,47298.66667
14/11/2019,0.2,229.7,2895.5
13/11/2019,1,657,8960.666667
12/11/2019,0.666666667,2410.666667,33496.33333
11/11/2019,0,5879,74512
10/11/2019,0.75,83,2369.25
9/11/2019,0,163,2284.5
8/11/2019,0.222222222,579.4444444,7955.111111
7/11/2019,0.545454545,217.5454545,2279.272727
6/11/2019,0.555555556,943.7777778,11979.88889
5/11/2019,0.666666667,168.6666667,2473.166667
4/11/2019,1,1239.333333,17502.66667
1/11/2019,1,2681.5,46315
31/10/2019,0,237.5,3143.5
30/10/2019,0.8,4654.4,51929.4
29/10/2019,1,30050.5,244102.5
28/10/2019,0.25,701.4375,13351.75
27/10/2019,0.5,6906.5,82757.75
26/10/2019,0.75,5093.5,41357.25
25/10/2019,0.25,1814,23087.9375
24/10/2019,0.25,17009.25,108366.5
23/10/2019,0.8,1547.4,20966.2
22/10/2019,-0.2,7291.4,84092
21/10/2019,0.666666667,909,13036.66667
18/10/2019,0,6168,129798
17/10/2019,-0.6,78.2,1985.4
16/10/2019,0.8,1795.4,31537
15/10/2019,0.3,2392.9,17971.2
14/10/2019,0.545454545,142.3636364,2873.090909
13/10/2019,0.615384615,6163.538462,49076.30769
12/10/2019,0.65,605.1,7428.15
11/10/2019,1,168,3851
10/10/2019,0.333333333,518.2222222,8849.111111
9/10/2019,0.25,2413.25,24369.875
8/10/2019,0.333333333,249.5555556,3623
7/10/2019,0.166666667,2097.833333,30281.5
6/10/2019,0.25,737.25,11798.5
5/10/2019,0.5,53.5,1206.666667
4/10/2019,0.833333333,628.1666667,8588.5
3/10/2019,0.272727273,280.5454545,6107.636364
2/10/2019,0.666666667,48.33333333,1125.666667
1/10/2019,0.625,497.625,7817.625
29/9/2019,1,48,1479
28/9/2019,0.2,5039.2,39746.6
27/9/2019,0.333333333,2241.866667,24872.93333
26/9/2019,0.416666667,1133.375,14646.83333
25/9/2019,0,160.5,1922.25
24/9/2019,0.222222222,3104.888889,20460.38889
23/9/2019,0.666666667,698,11765.88889
22/9/2019,0.416666667,870.5,11099.83333
21/9/2019,0.428571429,204.4285714,2595.285714
20/9/2019,0.333333333,247.6666667,3023.5
19/9/2019,0.666666667,823.5,9535.833333
18/9/2019,0.363636364,1292,13974.18182
17/9/2019,0.428571429,671.5238095,10694.14286
16/9/2019,0.571428571,69,1506
15/9/2019,0.666666667,215.7777778,4379.666667
14/9/2019,0.380952381,184.5238095,3190.761905
13/9/2019,0,730,10321
12/9/2019,0.352941176,412.6470588,8625.411765
11/9/2019,0.272727273,5328.090909,36345.36364
10/9/2019,0.4375,193.375,4559.25
9/9/2019,0.35,936.95,11298.6
8/9/2019,0.333333333,5511.333333,47982.16667
7/9/2019,0.55,266.1,5122.45
6/9/2019,0.222222222,779.3333333,14059.33333
5/9/2019,0.5,2134.5,28562.66667
4/9/2019,0,923,14871.8
3/9/2019,0.666666667,222.1666667,3428.5
30/8/2019,0.285714286,7679.428571,54934.71429
29/8/2019,0.3,264.1,4018.5
28/8/2019,0.166666667,2435.666667,33404
27/8/2019,0.25,515.1666667,8720.333333
26/8/2019,0.25,1048.5,20462.25
25/8/2019,1,38,1515
24/8/2019,0.6,429.2,6525.8
23/8/2019,1,266,15477
21/8/2019,0.666666667,127,5259.333333
20/8/2019,0.666666667,475.1333333,8891.333333
19/8/2019,0.333333333,1526.666667,32907.33333
18/8/2019,0.526315789,1893.736842,27213
17/8/2019,0.285714286,2271.285714,36218.28571
16/8/2019,0.111111111,3723.555556,46036.22222
15/8/2019,0.384615385,2285.692308,22587.92308
14/8/2019,1,9510,95528
13/8/2019,0,19,670
11/8/2019,0.333333333,469.5,5850
10/8/2019,0.647058824,1348.941176,10639.52941
9/8/2019,0.4375,414.0625,7031.6875
8/8/2019,1,83.6,1512
7/8/2019,0.5,2864.125,30068.875
6/8/2019,0.428571429,169.5714286,4453.428571
5/8/2019,0.666666667,1540.333333,28082.66667
4/8/2019,0.323529412,2893.088235,23364.44118
3/8/2019,0.5,261,7128.5
2/8/2019,1,30.5,765
1/8/2019,0.5,7886.5,47523.5
31/7/2019,0.5,73.75,2549.25
30/7/2019,0.5,978.5,9397
28/7/2019,0.428571429,1482.904762,13100.7619
27/7/2019,0.571428571,1275.571429,20397.07143
26/7/2019,0.4,1597.6,20813.2
25/7/2019,0.5,897.3333333,14782.66667
24/7/2019,0.333333333,625,9543.333333
23/7/2019,0.4,1789.2,24624.6
22/7/2019,0.363636364,11048.59091,60857.68182
21/7/2019,0.5,715.25,18439
20/7/2019,0,76.16666667,1187.166667
19/7/2019,0.25,8818.5,67706.5
18/7/2019,0.133333333,95.66666667,2372.933333
17/7/2019,0.384615385,6019.461538,38854.46154
16/7/2019,0.4,1435.733333,11825
15/7/2019,-0.5,57.5,1357.5
14/7/2019,0.666666667,20028,129953.3333
13/7/2019,0.416666667,209.25,7016.25
12/7/2019,0.333333333,293.9166667,6648.25
11/7/2019,0.4,3073.6,28879
10/7/2019,1,97,3850
9/7/2019,0.277777778,178.6111111,5575.888889
8/7/2019,0.346153846,152.0384615,3721.153846
7/7/2019,0.25,1066.75,11044.25
6/7/2019,0.333333333,2162.666667,23579.66667
4/7/2019,0.714285714,1021,12492.42857
3/7/2019,0,479,25440
2/7/2019,0.571428571,1259.857143,16408.14286
1/7/2019,1,686.6666667,11812.33333
30/6/2019,1,1411.333333,41360.33333
29/6/2019,1,2143,40770
28/6/2019,0.428571429,1209.142857,28224.14286
27/6/2019,0.3,152.4,2802.2
26/6/2019,0.066666667,62.8,1636.6
25/6/2019,0.615384615,475.1538462,6940.769231
24/6/2019,0.391304348,148,3332.478261
23/6/2019,0.333333333,5268,44308.88889
22/6/2019,0,2005,17551
21/6/2019,0.375,233.375,6068
20/6/2019,0.333333333,9670.444444,67815.44444
19/6/2019,0,337.6363636,8196.545455
18/6/2019,0.75,6890.75,57041.75
17/6/2019,0,49,1335.125
16/6/2019,0.333333333,1503,18573.33333
15/6/2019,0,2745.75,23694.125
14/6/2019,0.6,989.6,10243.2
13/6/2019,0.714285714,2090.142857,33065.42857
12/6/2019,0.25,1757.25,22658
11/6/2019,-0.333333333,1356.333333,18047.66667
10/6/2019,1,637.2,12130.6
9/6/2019,1,40,1042
7/6/2019,1,1382,19196
5/6/2019,0,43,766
4/6/2019,0.5,92.5,2945.166667
3/6/2019,0,182,5220
2/6/2019,0.5,135.5,5902
1/6/2019,0.333333333,2727.666667,31436.83333
31/5/2019,0.090909091,2457.454545,27575.90909
30/5/2019,0.090909091,286.2727273,7429.090909
29/5/2019,-0.5,49,954
28/5/2019,0.666666667,83.33333333,2576.666667
27/5/2019,0.555555556,108,1862.555556
26/5/2019,1,193,4663
25/5/2019,0.315789474,1766.947368,19686.68421
24/5/2019,0.483870968,789,10031.35484
23/5/2019,0.413793103,124.1034483,2480.551724
22/5/2019,0.571428571,2364.285714,24399
21/5/2019,0,201,9021
19/5/2019,0.470588235,1442.705882,19289
18/5/2019,-0.2,1278.2,15765
17/5/2019,-0.166666667,25259.5,148493.3333
16/5/2019,0.625,1089,14053.25
15/5/2019,0.285714286,180.7142857,3741.714286
14/5/2019,0,203,13048
13/5/2019,-0.2,1066.6,17841
12/5/2019,0.181818182,1145.727273,16874.45455
11/5/2019,0.666666667,492,9128
10/5/2019,0.222222222,1671.388889,26781.11111
9/5/2019,0.25,1948.6875,20969.8125
8/5/2019,0.75,52.25,1745.75
7/5/2019,0.6,419.5,9045.5
6/5/2019,0.5,990.75,17240.125
5/5/2019,0.294117647,441.7647059,8854.235294
4/5/2019,1,20,879
3/5/2019,0.142857143,3045.571429,44611
1/5/2019,0,147,8213.5
30/4/2019,0.2,2237.4,26609.1
29/4/2019,0.185185185,2629.333333,23049.48148
28/4/2019,0,105,3495.25
27/4/2019,0.285714286,40.42857143,1193.714286
26/4/2019,0,231.1666667,5159.166667
25/4/2019,0.285714286,670.2857143,14711
24/4/2019,0.35483871,1568.516129,22114.83871
23/4/2019,-0.115384615,935.7307692,13201
22/4/2019,0.5,9024.75,78888
21/4/2019,0,7943.333333,59511.77778
20/4/2019,-0.125,2288.375,26384.375
19/4/2019,0.259259259,4403.814815,43091.59259
18/4/2019,0.5,30.5,1290.5
17/4/2019,0.666666667,2533.333333,26634.33333
16/4/2019,0.666666667,65.16666667,2288.666667
15/4/2019,0.35,1786.55,25340.6
14/4/2019,0.090909091,162.4090909,2860.090909
13/4/2019,0.736842105,477.4210526,6777.210526
12/4/2019,0.285714286,1501.904762,17550.52381
11/4/2019,1,525.6666667,9906.333333
10/4/2019,0.363636364,678.7272727,9669.363636
9/4/2019,0.75,75.25,2244
8/4/2019,0.4,604.7,6669.9
7/4/2019,0.714285714,971,16965.57143
6/4/2019,0.214285714,1330.5,13378.71429
5/4/2019,0.545454545,1896.363636,12045.45455
4/4/2019,0.666666667,323.8333333,5090.166667
3/4/2019,0.166666667,667.5,10068.66667
2/4/2019,0.230769231,1847.615385,18753.23077
1/4/2019,0.363636364,943.8181818,12145.54545
31/3/2019,-0.2,472,8982.2
30/3/2019,0.166666667,2302.2,27359.43333
29/3/2019,1,234,3633.571429
28/3/2019,0.5,135.5,6376.5
27/3/2019,1,120.6666667,4838.333333
26/3/2019,0.583333333,939.1666667,13158.83333
25/3/2019,1,47,1509
24/3/2019,-0.166666667,377.6666667,10426
22/3/2019,0.545454545,278.2727273,3909.363636
21/3/2019,0.25,123.375,2253.75
20/3/2019,0,43,1118
17/3/2019,0.368421053,704.4210526,10303.52632
16/3/2019,0.571428571,677.1428571,12120.92857
15/3/2019,0.142857143,460.2857143,9067.285714
14/3/2019,0,4864.857143,38993.42857
13/3/2019,0,65.66666667,3236
12/3/2019,0.222222222,248.9444444,4718.777778
11/3/2019,0.857142857,106.7142857,4376.142857
10/3/2019,1,104,2024
9/3/2019,0.5,1410,23063.5
8/3/2019,0.666666667,752.1111111,13657.66667
7/3/2019,0.785714286,3232.785714,28406.92857
6/3/2019,1,35039,286191.6667
5/3/2019,0.5,1070.75,26576.25
4/3/2019,0.444444444,965.2222222,14173.55556
3/3/2019,0.416666667,1508.583333,18371.75
2/3/2019,0.4375,1824.875,20576.375
1/3/2019,0.6,1091.133333,14673.93333
28/2/2019,1,1472,44734
27/2/2019,0,3690.909091,49700.18182
26/2/2019,0.727272727,3978.090909,34765.90909
25/2/2019,1,11057.33333,112779.3333
23/2/2019,0.333333333,23364.33333,184849.3333
22/2/2019,0.461538462,265.3846154,4630.076923
21/2/2019,0.583333333,199.4166667,3446.416667
20/2/2019,0.25,6787,95647.75
19/2/2019,1,564,23444
18/2/2019,0.5,6081,60414
17/2/2019,0.4,325.2,11959.6
16/2/2019,0.25,2802.75,44473.25
15/2/2019,0.5,7035.5,111656.5
14/2/2019,0.666666667,638.2222222,12874.55556
13/2/2019,0.428571429,3130.714286,23876.57143
12/2/2019,0.5,2229,34953.5
11/2/2019,0.35,475.55,7379.95
10/2/2019,1,178,5243
9/2/2019,0.666666667,14034.5,98277
8/2/2019,0.25,577,7684.5
7/2/2019,0.545454545,1875.454545,26264.27273
6/2/2019,0.333333333,67,2276.666667
5/2/2019,1,724,31193.5
4/2/2019,0.285714286,6841.857143,56986.28571
3/2/2019,0.571428571,5942.285714,49136.14286
2/2/2019,0.6,7668.1,57923.9
1/2/2019,0.388888889,456.5555556,6349.388889
31/1/2019,0.583333333,855.5833333,12074.58333
30/1/2019,0,13559.83333,62816.33333
29/1/2019,1,20,877
28/1/2019,0.428571429,5761,72010
27/1/2019,0.625,16997.25,108313.5
26/1/2019,-1,78,1028
25/1/2019,0.647058824,926.5882353,15335.76471
23/1/2019,0.571428571,675.2857143,10450.14286
22/1/2019,0.4,1106.2,19682.8
21/1/2019,0.75,3833,43209.75
19/1/2019,0.8,417.4,11096.6
17/1/2019,0.6,403.1,8096.4
16/1/2019,1,531.5,11921.5
15/1/2019,1,28426,317708
14/1/2019,1,2743.5,57026.5
13/1/2019,0,1565.4,26384.4
12/1/2019,1,20,729
11/1/2019,0.5,2727.666667,24468.58333
10/1/2019,0.777777778,461.5555556,5673.666667
9/1/2019,0.6,2705.1,23449.7
8/1/2019,0,3260.5,53337.5
7/1/2019,0.5,4614.875,52424.5
6/1/2019,0,3488.75,38817.5
5/1/2019,0.105263158,1203.157895,12625.31579
4/1/2019,-0.083333333,15274.83333,77485
3/1/2019,0.5,360.1666667,6073.416667
1/1/2019,1,7714.75,63507.5
31/12/2018,1,4834,52622
30/12/2018,0.5,547.5,8693.5
28/12/2018,1,1097,18427.5
27/12/2018,0.538461538,74.07692308,1426.230769
26/12/2018,0.846153846,729.2307692,7543.769231
25/12/2018,0.75,2052,28910.125
24/12/2018,0.333333333,1089.833333,14090.66667
23/12/2018,0.375,3672.5,26744.875
22/12/2018,0.529411765,261.9411765,4389.941176
21/12/2018,0.428571429,6665.285714,37797.71429
20/12/2018,0.375,464,8420.625
19/12/2018,0.428571429,1106.678571,13287.60714
18/12/2018,0.125,761.875,10136
17/12/2018,0,330,8039
16/12/2018,0.5,1593.5,24996
15/12/2018,0.5,1891.166667,20595.66667
14/12/2018,0.4,13096,63826.6
13/12/2018,1,443,9509
12/12/2018,1,303,16272
11/12/2018,0.3125,990.3125,12700.25
9/12/2018,0.5,1042.4375,12742.6875
8/12/2018,1,151,2745
7/12/2018,1,5737,60450
5/12/2018,0,5489.714286,40136.28571
4/12/2018,0,25,840
3/12/2018,0.25,1255,19119.5
2/12/2018,0.333333333,503.6666667,10913.83333
1/12/2018,0.333333333,1202.666667,11105.73333
30/11/2018,0.333333333,391.6666667,6506
29/11/2018,0.666666667,961.75,14275.91667
28/11/2018,0,56,985
27/11/2018,0.25,1455.5,15758.75
26/11/2018,0.466666667,3473.866667,30249.6
25/11/2018,0,59,895
23/11/2018,1,3625,29275
22/11/2018,0.666666667,1525.666667,22359
21/11/2018,0.333333333,53.66666667,2366.5
20/11/2018,0.625,978.75,14072.5
19/11/2018,0.333333333,177.4444444,2743
17/11/2018,0.2,2670.8,27236.7
16/11/2018,1,1220.666667,9927.333333
15/11/2018,0.176470588,1369,15530.64706
14/11/2018,0.5,645.75,9896.625
12/11/2018,1,38949.5,218344.5
11/11/2018,0,2552,26391.5
10/11/2018,0.285714286,9133.142857,51951.28571
9/11/2018,1,397.8333333,11105.83333
8/11/2018,1,533,17682
7/11/2018,0.285714286,1104,26090
6/11/2018,0.4,4235.1,43332.4
4/11/2018,1,61,990
3/11/2018,0.434782609,2144.956522,22655.86957
2/11/2018,0.230769231,804.3846154,7612.153846
1/11/2018,0.636363636,1082.090909,12781.54545
31/10/2018,0.333333333,2035,27298.66667
29/10/2018,0,3151.333333,51623
27/10/2018,0.551724138,836.9310345,10147.68966
26/10/2018,0.434782609,2512.608696,23667.95652
25/10/2018,-0.25,13421.25,80850.75
23/10/2018,0.285714286,12617.07143,63326.64286
22/10/2018,0.384615385,821.0769231,12481.15385
21/10/2018,0.571428571,6378.428571,33395.14286
20/10/2018,0,1711.461538,17938.46154
19/10/2018,0.5,30793.66667,108608.6667
18/10/2018,0.25,1778.75,24695.75
17/10/2018,0.333333333,486.3333333,9140.333333
16/10/2018,0.222222222,321.7777778,3978.444444
15/10/2018,1,2098.666667,26695.5
14/10/2018,0.75,11795.375,50805.25
13/10/2018,0.4,342.4,7660.4
12/10/2018,0.6,5592.2,39480.3
11/10/2018,0,2093,35713
10/10/2018,0.5,3434.5,32020
9/10/2018,0.25,759,4833.75
8/10/2018,0.6,7652,64386.6
7/10/2018,0.25,693.5,7031.5
6/10/2018,-0.2,213.2,2767.6
5/10/2018,-0.157894737,336.3684211,3936.894737
4/10/2018,0.7,1506.1,12753.6
2/10/2018,-0.333333333,194.6666667,3289
1/10/2018,1,2333,23323
29/9/2018,0.666666667,1119.666667,13448.66667
28/9/2018,0.4,4244.2,41001.8
26/9/2018,1,378.3333333,4296
25/9/2018,0.5,717.25,14989.25
24/9/2018,-0.5,125,2421
22/9/2018,1,323,2699
21/9/2018,0,13359.66667,98902.66667
20/9/2018,0.571428571,231,3721.714286
19/9/2018,0.75,723.875,7754.75
18/9/2018,0.619047619,1960.952381,17112.09524
17/9/2018,0.434782609,1615.130435,16103.47826
16/9/2018,0.5,593.25,8210.5
15/9/2018,0,42,3094
14/9/2018,0.5,940.5,10192.375
13/9/2018,0.333333333,713.5,9170.166667
12/9/2018,0.5,743,14787.5
11/9/2018,0.75,1233,16938.25
8/9/2018,0.4,2404,27824.8
7/9/2018,0.166666667,2093.666667,17813
6/9/2018,0,1309,12554
5/9/2018,0.5,7262,46817
4/9/2018,1,682,12525
31/8/2018,0.333333333,1283,17434.66667
30/8/2018,0,349,7386
29/8/2018,0,110,6181
28/8/2018,0.272727273,273.9090909,3175.727273
26/8/2018,0,3271.25,31833.5
25/8/2018,0.7,602,7051.3
24/8/2018,0.333333333,1880.333333,21564.33333
23/8/2018,0.857142857,812,9646.142857
22/8/2018,0.333333333,799.3333333,12898
21/8/2018,0,547.2,4612.4
19/8/2018,-0.5,1645,19541
18/8/2018,1,3007,46519
17/8/2018,1,292,5925
16/8/2018,0,4132.666667,33800.33333
14/8/2018,0.25,409.5,4928.75
13/8/2018,0.6,674.8,9012.6
11/8/2018,0.2,2115.066667,16313.2
10/8/2018,0.666666667,129.6666667,2741.333333
9/8/2018,0.333333333,43.33333333,661
8/8/2018,0,1123,10563
7/8/2018,0.333333333,2118,16707.41667
6/8/2018,0.6,63.4,762.2
5/8/2018,0.4,303.3333333,3426.266667
4/8/2018,0.5,740.5,12857.5
2/8/2018,0,24,551
1/8/2018,0.619047619,953.1904762,8680.761905
31/7/2018,0.3,587.9,7652.5
30/7/2018,0.333333333,441.7777778,5871
29/7/2018,0,2561.5,18112.5
28/7/2018,0.75,271.5,4471.75
27/7/2018,0.333333333,186,4575.333333
26/7/2018,0.5,1419,13313
25/7/2018,0.4,462.2,6966.2
24/7/2018,1,65.66666667,881
23/7/2018,0.714285714,270.7142857,3752.428571
22/7/2018,1,451,5050.5
21/7/2018,0.315789474,203.7368421,3073.421053
20/7/2018,0.5,167,2409
18/7/2018,0.2,800.2,9890
15/7/2018,0.571428571,1771.142857,21365.71429
14/7/2018,0.571428571,176.2857143,3697.857143
13/7/2018,0.625,356.125,5470.875
12/7/2018,0.777777778,527.2222222,7468
11/7/2018,0.5,1497,10706.08333
10/7/2018,0.416666667,9903.25,44697.41667
9/7/2018,0.375,2855.75,13974.75
8/7/2018,0.5,2602.923077,14841.96154
7/7/2018,0.388888889,2474,17291.33333
6/7/2018,0.529411765,763.3529412,3690
5/7/2018,0.387096774,192.516129,2563.451613
4/7/2018,0.625,1298.875,6964
3/7/2018,0,1493,19665
2/7/2018,0.666666667,99,3235.333333
1/7/2018,1,12124,135389
30/6/2018,-0.333333333,216,3411
29/6/2018,0.15,1869.85,13097.15
28/6/2018,0.4,301,6837.7
27/6/2018,0.5625,202.4375,3321
26/6/2018,0.285714286,1374,17154.85714
25/6/2018,0.392857143,644.1785714,5708.107143
24/6/2018,0.285714286,176.4285714,3202.285714
23/6/2018,0.277777778,940.7222222,11915.5
22/6/2018,0.6875,151.5,3015
21/6/2018,0.285714286,1375.142857,13966.42857
20/6/2018,0.153846154,202.0769231,3185.769231
19/6/2018,0.382352941,122.6176471,2069.735294
18/6/2018,1,14,612
17/6/2018,0.210526316,410.7368421,3887.736842
16/6/2018,0.3,3853.3,22963.15
15/6/2018,0.307692308,1197.923077,8777.615385
14/6/2018,0,894,10030
13/6/2018,0.666666667,311,4609.333333
12/6/2018,0,2386.5,17251.25
11/6/2018,1,448,8643
10/6/2018,0.517241379,752.8275862,8050.241379
9/6/2018,0.333333333,3595.888889,28171.11111
8/6/2018,0.888888889,1114.222222,11377.33333
7/6/2018,0,310.3333333,4651
6/6/2018,0,29,814
5/6/2018,0.5,47.5,1222
4/6/2018,1,3282.5,25729.5
3/6/2018,0.666666667,106.6666667,1917.666667
2/6/2018,-0.176470588,730.1764706,8732.058824
1/6/2018,0.5,1386.25,12964.75
31/5/2018,0.214285714,2180,18620.07143
30/5/2018,0.636363636,386.9090909,4313.909091
29/5/2018,0.393939394,339.6969697,5071.878788
28/5/2018,0.5,270,2584.5
27/5/2018,0.379310345,367.6551724,3631.206897
26/5/2018,0.206896552,599.7241379,6281.586207
25/5/2018,0.222222222,651.0555556,6704.722222
24/5/2018,0.466666667,780.3333333,9317.333333
23/5/2018,0.342857143,2582.514286,15933.31429
22/5/2018,0.259259259,495.0740741,8160.740741
21/5/2018,0.375,254.5,2495.8125
20/5/2018,0.333333333,726.9166667,8339.458333
19/5/2018,1,3382,39795
18/5/2018,0,1618.125,15744.625
17/5/2018,0.666666667,1693.333333,15245
16/5/2018,0.333333333,1131,14031.66667
14/5/2018,-0.1,3780.4,27849
13/5/2018,0.5,423.8333333,5057.666667
12/5/2018,-0.4,372.2,6443.2
11/5/2018,0.636363636,641.5454545,6264.363636
10/5/2018,0.5,339.5,4170.625
9/5/2018,-0.076923077,339.5384615,4493
8/5/2018,1,14,475
7/5/2018,-0.25,1312.75,14519.5
6/5/2018,0.272727273,3852.818182,31959.63636
5/5/2018,0.428571429,6408.857143,48667.28571
4/5/2018,0.294117647,670.7058824,9342.882353
3/5/2018,0.5,295,5130
2/5/2018,0.2,1557,15392
1/5/2018,1,198,4790
30/4/2018,0,1350.5,19473.5
28/4/2018,0.5,434,2136.5
27/4/2018,1,1819,24981
26/4/2018,0,4028.5,31745
25/4/2018,0.5,23111.5,114387.5
23/4/2018,0,18,412
19/4/2018,0,31360,147480
18/4/2018,0.666666667,254.6666667,3580
17/4/2018,0.4,510.6,5399
16/4/2018,0,5377.4,46913.2
15/4/2018,0,939.5,9719.5
13/4/2018,0.333333333,1459.333333,9660
12/4/2018,1,188.5,4075.5
11/4/2018,0,19,550
10/4/2018,-0.5,137,1254.5
9/4/2018,0.333333333,1708,12393
8/4/2018,0.444444444,282.4444444,4659.222222
7/4/2018,1,1173.5,8406
6/4/2018,0.2,4626.4,25113.2
5/4/2018,0,1167,9843.5
4/4/2018,0.5,1083.5,15937.5
2/4/2018,0.352941176,3128.411765,26323.70588
1/4/2018,1,7680,77220
31/3/2018,1,1676,18599.5
30/3/2018,-0.25,921.75,14281.25
28/3/2018,0.75,2109.25,26742.25
27/3/2018,0,3738.666667,35378.33333
26/3/2018,0.444444444,1244.777778,14559.88889
25/3/2018,-1,801,10377
24/3/2018,1,1933,18291
23/3/2018,0.15,1343,9416.45
22/3/2018,1,798.9090909,7046.181818
21/3/2018,0.5,1907.5,17651.5
20/3/2018,0,779.5,12144.5
19/3/2018,0,860,13795
18/3/2018,1,132,6484
15/3/2018,0,860,13899.66667
14/3/2018,0.5,872,12790.33333
12/3/2018,1,20,418
11/3/2018,0,10181.33333,45915.33333
10/3/2018,0.166666667,1110.333333,11071
9/3/2018,0.444444444,5436.555556,31972
8/3/2018,0.375,3938.75,32124.375
7/3/2018,0.6,3597,34358
6/3/2018,0.5,1581,17446
5/3/2018,0,9144,63879
4/3/2018,0.25,167.75,4296.75
3/3/2018,1,2640,34676
28/2/2018,0,50,751
27/2/2018,0.666666667,2592.833333,16391.16667
25/2/2018,0,375.5,4938.5
24/2/2018,1,942,15281
22/2/2018,0.153846154,2263.769231,20465.84615
21/2/2018,0.4,2424.2,20933.2
20/2/2018,-1,8781,60415
18/2/2018,1,11209,60954
17/2/2018,0,1822,23643.5
16/2/2018,1,777,14567
12/2/2018,0.428571429,94.57142857,1086.642857
11/2/2018,0.666666667,4503,47244.33333
7/2/2018,0.666666667,10268.5,61328.33333
6/2/2018,0.25,24734.58333,93209.16667
5/2/2018,0.222222222,4986.888889,31925.88889
4/2/2018,0,5836,26854
3/2/2018,0,9161.666667,81961.66667
2/2/2018,0,13155.4,69402
1/2/2018,0.3,3686.7,34882
31/1/2018,0,2415.666667,24673.66667
30/1/2018,0,621,16974
29/1/2018,0.25,2672.875,22144.625
28/1/2018,0.466666667,11382.8,60627.26667
27/1/2018,1,10347,54755
24/1/2018,1,12891,79542
18/1/2018,0,43,1106
15/1/2018,0.5,48,579
13/1/2018,1,93,889
12/1/2018,1,41,504
9/1/2018,0.5,110,4581
8/1/2018,1,2988,19952
7/1/2018,-0.25,3946.5,45543.5
5/1/2018,0,9184,56223.5
3/1/2018,0,4706.5,35113.5
