,Date,btc_cp,doge_cp,eth_cp
0,1/1/2018,13657.2002,0.008909,772.640991
1,2/1/2018,14982.09961,0.009145,884.44397
2,3/1/2018,15201,0.00932,962.719971
3,4/1/2018,15599.2002,0.009644,980.921997
4,5/1/2018,17429.5,0.012167,997.719971
5,6/1/2018,17527,0.014863,1041.680054
6,7/1/2018,16477.59961,0.017088,1153.170044
7,8/1/2018,15170.09961,0.015045,1148.530029
8,9/1/2018,14595.40039,0.01342,1299.73999
9,10/1/2018,14973.29981,0.013102,1255.819946
10,11/1/2018,13405.79981,0.011469,1154.930054
11,12/1/2018,13980.59961,0.013056,1273.199951
12,13/1/2018,14360.2002,0.013023,1396.420044
13,14/1/2018,13772,0.011684,1366.77002
14,15/1/2018,13819.79981,0.009857,1291.920044
15,16/1/2018,11490.5,0.006822,1053.689941
16,17/1/2018,11188.59961,0.007648,1014.25
17,18/1/2018,11474.90039,0.007969,1036.280029
18,19/1/2018,11607.40039,0.007871,1039.099976
19,20/1/2018,12899.2002,0.008448,1155.150024
20,21/1/2018,11600.09961,0.007131,1049.579956
21,22/1/2018,10931.40039,0.006734,1003.26001
22,23/1/2018,10868.40039,0.006673,986.229004
23,24/1/2018,11359.40039,0.007083,1058.780029
24,25/1/2018,11259.40039,0.007667,1056.030029
25,26/1/2018,11171.40039,0.007237,1055.170044
26,27/1/2018,11440.7002,0.007373,1107.069946
27,28/1/2018,11786.29981,0.007465,1246.01001
28,29/1/2018,11296.40039,0.006967,1182.359985
29,30/1/2018,10106.29981,0.006024,1071.130005
30,31/1/2018,10221.09961,0.00601,1118.310059
31,1/2/2018,9170.540039,0.005029,1036.790039
32,2/2/2018,8830.75,0.004475,915.784973
33,3/2/2018,9174.910156,0.005164,964.018982
34,4/2/2018,8277.009766,0.004399,834.682007
35,5/2/2018,6955.27002,0.003533,697.950989
36,6/2/2018,7754,0.004361,793.122009
37,7/2/2018,7621.299805,0.004297,757.067993
38,8/2/2018,8265.589844,0.004566,817.807007
39,9/2/2018,8736.980469,0.005,883.86499
40,10/2/2018,8621.900391,0.004989,860.414978
41,11/2/2018,8129.970215,0.004956,814.659973
42,12/2/2018,8926.570313,0.005472,868.70697
43,13/2/2018,8598.30957,0.005638,845.257996
44,14/2/2018,9494.629883,0.00673,923.560974
45,15/2/2018,10166.40039,0.007347,936.976013
46,16/2/2018,10233.90039,0.007034,944.210022
47,17/2/2018,11112.7002,0.007049,974.11499
48,18/2/2018,10551.79981,0.006424,923.921021
49,19/2/2018,11225.29981,0.006697,943.86499
50,20/2/2018,11403.7002,0.007094,895.370972
51,21/2/2018,10690.40039,0.006581,849.971008
52,22/2/2018,10005,0.006259,812.844971
53,23/2/2018,10301.09961,0.006648,864.189026
54,24/2/2018,9813.070313,0.006324,840.515015
55,25/2/2018,9664.730469,0.006142,844.809998
56,26/2/2018,10366.7002,0.006339,869.315002
57,27/2/2018,10725.59961,0.006291,878.265015
58,28/2/2018,10397.90039,0.006018,855.198975
59,1/3/2018,10951,0.006215,872.200012
60,2/3/2018,11086.40039,0.005482,856.853027
61,3/3/2018,11489.7002,0.005301,857.224976
62,4/3/2018,11512.59961,0.005502,866.677979
63,5/3/2018,11573.29981,0.005218,853.684021
64,6/3/2018,10779.90039,0.00461,816.950989
65,7/3/2018,9965.570313,0.004024,752.830994
66,8/3/2018,9395.009766,0.004025,704.596008
67,9/3/2018,9337.549805,0.004146,728.916016
68,10/3/2018,8866,0.003973,686.890015
69,11/3/2018,9578.629883,0.00421,723.338989
70,12/3/2018,9205.120117,0.004032,699.830994
71,13/3/2018,9194.849609,0.00396,690.827026
72,14/3/2018,8269.80957,0.003524,614.291016
73,15/3/2018,8300.860352,0.003536,611.304016
74,16/3/2018,8338.349609,0.00351,601.666016
75,17/3/2018,7916.879883,0.003299,552.778992
76,18/3/2018,8223.679688,0.00319,538.643982
77,19/3/2018,8630.650391,0.00344,556.726013
78,20/3/2018,8913.469727,0.003651,557.174988
79,21/3/2018,8929.280273,0.003659,561.731995
80,22/3/2018,8728.469727,0.003528,539.702026
81,23/3/2018,8879.620117,0.00356,539.619019
82,24/3/2018,8668.120117,0.00359,526.439026
83,25/3/2018,8495.780273,0.003505,524.286987
84,26/3/2018,8209.400391,0.003289,489.950989
85,27/3/2018,7833.040039,0.003145,450.115997
86,28/3/2018,7954.47998,0.003141,446.278992
87,29/3/2018,7165.700195,0.002827,385.967987
88,30/3/2018,6890.52002,0.002763,394.644989
89,31/3/2018,6973.529785,0.002819,396.457001
90,1/4/2018,6844.22998,0.002719,379.606995
91,2/4/2018,7083.799805,0.002797,386.424988
92,3/4/2018,7456.109863,0.00298,416.893005
93,4/4/2018,6853.839844,0.00277,380.542999
94,5/4/2018,6811.470215,0.002714,383.231995
95,6/4/2018,6636.319824,0.00267,370.285004
96,7/4/2018,6911.089844,0.002802,385.313995
97,8/4/2018,7023.52002,0.002843,400.507996
98,9/4/2018,6770.72998,0.002763,398.526001
99,10/4/2018,6834.759766,0.003043,414.243011
100,11/4/2018,6968.319824,0.003396,430.540009
101,12/4/2018,7889.25,0.003798,492.94101
102,13/4/2018,7895.959961,0.003995,492.734985
103,14/4/2018,7986.240234,0.00415,501.477997
104,15/4/2018,8329.110352,0.004571,531.702026
105,16/4/2018,8058.669922,0.004585,511.147003
106,17/4/2018,7902.089844,0.004744,502.894012
107,18/4/2018,8163.419922,0.005412,524.789001
108,19/4/2018,8294.30957,0.005824,567.888977
109,20/4/2018,8845.830078,0.005893,615.718018
110,21/4/2018,8895.580078,0.005413,605.39502
111,22/4/2018,8802.459961,0.005539,621.859985
112,23/4/2018,8930.879883,0.005482,642.547974
113,24/4/2018,9697.5,0.0058,708.15802
114,25/4/2018,8845.740234,0.005093,615.416016
115,26/4/2018,9281.509766,0.005627,662.809021
116,27/4/2018,8987.049805,0.005422,647.031982
117,28/4/2018,9348.480469,0.005357,683.677979
118,29/4/2018,9419.080078,0.005459,688.880981
119,30/4/2018,9240.549805,0.00521,669.924011
120,1/5/2018,9119.009766,0.005144,673.612976
121,2/5/2018,9235.919922,0.005273,687.148987
122,3/5/2018,9743.860352,0.005641,779.54303
123,4/5/2018,9700.759766,0.005269,785.624023
124,5/5/2018,9858.150391,0.00518,816.119995
125,6/5/2018,9654.799805,0.00497,792.310974
126,7/5/2018,9373.009766,0.004817,753.724976
127,8/5/2018,9234.820313,0.005303,752.856995
128,9/5/2018,9325.179688,0.005093,752.275024
129,10/5/2018,9043.94043,0.00487,727.276978
130,11/5/2018,8441.490234,0.004362,679.585999
131,12/5/2018,8504.889648,0.004473,686.047974
132,13/5/2018,8723.94043,0.004329,733.495972
133,14/5/2018,8716.790039,0.00446,730.549011
134,15/5/2018,8510.379883,0.004515,708.870972
135,16/5/2018,8368.830078,0.004385,707.049988
136,17/5/2018,8094.319824,0.004188,672.656982
137,18/5/2018,8250.969727,0.004017,694.367004
138,19/5/2018,8247.179688,0.004286,696.530029
139,20/5/2018,8513.25,0.004423,715.369019
140,21/5/2018,8418.990234,0.004271,699.221985
141,22/5/2018,8041.779785,0.003851,647.741028
142,23/5/2018,7557.819824,0.003591,583.585022
143,24/5/2018,7587.339844,0.003499,601.755005
144,25/5/2018,7480.140137,0.003514,586.734009
145,26/5/2018,7355.879883,0.003463,587.280029
146,27/5/2018,7368.220215,0.003424,572.66803
147,28/5/2018,7135.990234,0.003226,516.036011
148,29/5/2018,7472.589844,0.003437,565.388
149,30/5/2018,7406.52002,0.003354,559.590027
150,31/5/2018,7494.169922,0.003398,577.64502
151,1/6/2018,7541.450195,0.003423,580.04303
152,2/6/2018,7643.450195,0.003558,591.807983
153,3/6/2018,7720.25,0.00369,618.328979
154,4/6/2018,7514.470215,0.003532,592.984985
155,5/6/2018,7633.759766,0.003654,609.302979
156,6/6/2018,7653.97998,0.003787,607.124023
157,7/6/2018,7678.240234,0.003732,605.187012
158,8/6/2018,7624.919922,0.003659,601.077026
159,9/6/2018,7531.97998,0.003593,597.562012
160,10/6/2018,6786.02002,0.003182,526.479004
161,11/6/2018,6906.919922,0.003234,533.283997
162,12/6/2018,6582.359863,0.003089,496.842987
163,13/6/2018,6349.899902,0.002817,477.493988
164,14/6/2018,6675.350098,0.002944,519.742004
165,15/6/2018,6456.580078,0.002901,491.003998
166,16/6/2018,6550.160156,0.002895,499.641998
167,17/6/2018,6499.27002,0.002873,500.447998
168,18/6/2018,6734.819824,0.003027,518.890991
169,19/6/2018,6769.939941,0.003033,537.95697
170,20/6/2018,6776.549805,0.003021,536.268005
171,21/6/2018,6729.740234,0.002988,527.367004
172,22/6/2018,6083.689941,0.002668,465.816986
173,23/6/2018,6162.47998,0.002641,474.519989
174,24/6/2018,6173.22998,0.00251,457.671997
175,25/6/2018,6249.180176,0.002485,460.309998
176,26/6/2018,6093.669922,0.002478,432.772003
177,27/6/2018,6157.129883,0.002437,442.36499
178,28/6/2018,5903.439941,0.002357,422.36499
179,29/6/2018,6218.299805,0.002427,436.009003
180,30/6/2018,6404,0.002499,455.179993
181,1/7/2018,6385.819824,0.002489,453.917999
182,2/7/2018,6614.180176,0.002703,475.346985
183,3/7/2018,6529.589844,0.002638,464.195007
184,4/7/2018,6597.549805,0.00268,467.317993
185,5/7/2018,6639.140137,0.002599,474.411987
186,6/7/2018,6673.5,0.002597,474.011993
187,7/7/2018,6856.930176,0.002645,491.660004
188,8/7/2018,6773.879883,0.002611,489.118988
189,9/7/2018,6741.75,0.002603,476.682007
190,10/7/2018,6329.950195,0.002411,434.424011
191,11/7/2018,6394.709961,0.002425,446.518005
192,12/7/2018,6228.810059,0.002306,430.074005
193,13/7/2018,6238.049805,0.002332,434.027008
194,14/7/2018,6276.120117,0.002362,436.085999
195,15/7/2018,6359.640137,0.00238,449.850006
196,16/7/2018,6741.75,0.002854,480.65799
197,17/7/2018,7321.040039,0.003228,501.002014
198,18/7/2018,7370.779785,0.003712,480.513
199,19/7/2018,7466.859863,0.003844,469.618988
200,20/7/2018,7354.129883,0.00341,450.697998
201,21/7/2018,7419.290039,0.00327,462.436005
202,22/7/2018,7418.490234,0.003458,459.657013
203,23/7/2018,7711.109863,0.003431,450.852997
204,24/7/2018,8424.269531,0.00362,479.372986
205,25/7/2018,8181.390137,0.003543,472.493011
206,26/7/2018,7951.580078,0.003393,464.036987
207,27/7/2018,8165.009766,0.003418,469.665985
208,28/7/2018,8192.150391,0.0034,466.89801
209,29/7/2018,8218.459961,0.003307,466.665009
210,30/7/2018,8180.47998,0.003273,457.080994
211,31/7/2018,7780.439941,0.002945,433.867004
212,1/8/2018,7624.910156,0.00316,420.747009
213,2/8/2018,7567.149902,0.002946,412.621002
214,3/8/2018,7434.390137,0.002918,418.261993
215,4/8/2018,7032.850098,0.002745,407.252014
216,5/8/2018,7068.47998,0.002837,410.515991
217,6/8/2018,6951.799805,0.002779,406.65799
218,7/8/2018,6753.120117,0.002671,380.214996
219,8/8/2018,6305.799805,0.002415,356.613007
220,9/8/2018,6568.22998,0.002555,365.588013
221,10/8/2018,6184.709961,0.002392,334.175995
222,11/8/2018,6295.72998,0.002404,322.112
223,12/8/2018,6322.689941,0.002404,319.570007
224,13/8/2018,6297.569824,0.002331,286.494995
225,14/8/2018,6199.709961,0.00226,278.932007
226,15/8/2018,6308.52002,0.002303,282.364014
227,16/8/2018,6334.72998,0.002292,288.04599
228,17/8/2018,6580.629883,0.002455,315.729004
229,18/8/2018,6423.759766,0.002394,295.812012
230,19/8/2018,6506.069824,0.002473,300.834015
231,20/8/2018,6308.529785,0.002369,274.315002
232,21/8/2018,6488.759766,0.002424,281.944
233,22/8/2018,6376.709961,0.002315,271.341003
234,23/8/2018,6534.879883,0.002385,277.104004
235,24/8/2018,6719.959961,0.002426,282.96701
236,25/8/2018,6763.189941,0.00237,279.645996
237,26/8/2018,6707.259766,0.002404,275.196991
238,27/8/2018,6884.640137,0.002462,285.602997
239,28/8/2018,7096.279785,0.002607,296.498993
240,29/8/2018,7047.160156,0.002606,289.312012
241,30/8/2018,6978.22998,0.003206,284.105011
242,31/8/2018,7037.580078,0.004794,283.003998
243,1/9/2018,7193.25,0.006278,295.341003
244,2/9/2018,7272.720215,0.004999,294.371002
245,3/9/2018,7260.060059,0.005266,289.259003
246,4/9/2018,7361.660156,0.005269,285.722992
247,5/9/2018,6792.830078,0.004931,232.330994
248,6/9/2018,6529.169922,0.00501,230.214996
249,7/9/2018,6467.069824,0.005307,217.203003
250,8/9/2018,6225.97998,0.005692,197.951004
251,9/9/2018,6300.859863,0.005829,196.923996
252,10/9/2018,6329.700195,0.006892,197.078995
253,11/9/2018,6321.200195,0.006329,185.065994
254,12/9/2018,6351.799805,0.006455,183.330994
255,13/9/2018,6517.310059,0.006554,211.354004
256,14/9/2018,6512.709961,0.00618,211.748993
257,15/9/2018,6543.200195,0.006165,223.074005
258,16/9/2018,6517.180176,0.006531,220.589005
259,17/9/2018,6281.200195,0.006243,197.875
260,18/9/2018,6371.299805,0.005981,209.975006
261,19/9/2018,6398.540039,0.005609,209.968994
262,20/9/2018,6519.669922,0.005695,224.591003
263,21/9/2018,6734.950195,0.005684,246.584
264,22/9/2018,6721.97998,0.005758,240.479996
265,23/9/2018,6710.629883,0.005901,244.330002
266,24/9/2018,6595.410156,0.005677,228.729996
267,25/9/2018,6446.470215,0.005686,218.505005
268,26/9/2018,6495,0.005695,215.847
269,27/9/2018,6676.75,0.005879,228.494003
270,28/9/2018,6644.129883,0.005831,222.401993
271,29/9/2018,6601.959961,0.005865,231.634995
272,30/9/2018,6625.560059,0.005906,232.848007
273,1/10/2018,6589.620117,0.005942,230.768005
274,2/10/2018,6556.100098,0.005824,227.181
275,3/10/2018,6502.589844,0.005704,220.488998
276,4/10/2018,6576.689941,0.005645,222.218002
277,5/10/2018,6622.47998,0.005669,227.600998
278,6/10/2018,6588.310059,0.005545,225.119995
279,7/10/2018,6602.950195,0.005562,226.119003
280,8/10/2018,6652.22998,0.005578,229.255005
281,9/10/2018,6642.640137,0.005635,227.981995
282,10/10/2018,6585.529785,0.005552,225.768997
283,11/10/2018,6256.240234,0.005,189.498993
284,12/10/2018,6274.580078,0.005247,196.727005
285,13/10/2018,6285.990234,0.005182,199.841003
286,14/10/2018,6290.930176,0.005158,195.714996
287,15/10/2018,6596.540039,0.005218,209.703995
288,16/10/2018,6596.109863,0.005017,210.119995
289,17/10/2018,6544.430176,0.004599,207.082993
290,18/10/2018,6476.709961,0.004386,203.352005
291,19/10/2018,6465.410156,0.00447,203.727005
292,20/10/2018,6489.189941,0.004551,205.429993
293,21/10/2018,6482.350098,0.004517,205.141998
294,22/10/2018,6487.160156,0.004366,204.044006
295,23/10/2018,6475.740234,0.004172,204.335999
296,24/10/2018,6495.839844,0.003911,203.852005
297,25/10/2018,6476.290039,0.003717,202.718994
298,26/10/2018,6474.75,0.003984,203.328995
299,27/10/2018,6480.379883,0.004195,204.210007
300,28/10/2018,6486.390137,0.004063,205.365997
301,29/10/2018,6332.629883,0.003847,197.246994
302,30/10/2018,6334.27002,0.00385,197.556
303,31/10/2018,6317.609863,0.003764,197.380997
304,1/11/2018,6377.779785,0.003777,198.871994
305,2/11/2018,6388.439941,0.003773,200.634995
306,3/11/2018,6361.259766,0.003733,200.186005
307,4/11/2018,6376.129883,0.003676,207.485992
308,5/11/2018,6419.660156,0.003622,209.091003
309,6/11/2018,6461.009766,0.003696,218.451996
310,7/11/2018,6530.140137,0.003637,217.182999
311,8/11/2018,6453.720215,0.003384,212.231003
312,9/11/2018,6385.620117,0.00314,210.074005
313,10/11/2018,6409.220215,0.003285,212.533005
314,11/11/2018,6411.27002,0.003162,211.339996
315,12/11/2018,6371.27002,0.003064,210.417999
316,13/11/2018,6359.490234,0.002945,206.826004
317,14/11/2018,5738.350098,0.002695,181.397003
318,15/11/2018,5648.029785,0.0028,180.806
319,16/11/2018,5575.549805,0.002746,175.177002
320,17/11/2018,5554.330078,0.002595,174.001007
321,18/11/2018,5623.540039,0.002643,177.067001
322,19/11/2018,4871.490234,0.002418,149.175003
323,20/11/2018,4451.870117,0.002254,130.339005
324,21/11/2018,4602.169922,0.002448,136.701004
325,22/11/2018,4365.939941,0.002412,126.706001
326,23/11/2018,4347.109863,0.002361,123.295998
327,24/11/2018,3880.76001,0.002224,113.494003
328,25/11/2018,4009.969971,0.00222,116.449997
329,26/11/2018,3779.129883,0.002099,108.334999
330,27/11/2018,3820.719971,0.002087,110.010002
331,28/11/2018,4257.419922,0.002246,122.438004
332,29/11/2018,4278.84668,0.002241,117.542648
333,30/11/2018,4017.268555,0.002165,113.171417
334,1/12/2018,4214.671875,0.00225,118.635559
335,2/12/2018,4139.87793,0.002246,116.388901
336,3/12/2018,3894.130859,0.002371,108.925018
337,4/12/2018,3956.893799,0.002196,110.214188
338,5/12/2018,3753.994873,0.00218,102.475555
339,6/12/2018,3521.101807,0.002097,91.761055
340,7/12/2018,3419.937256,0.002104,93.294563
341,8/12/2018,3476.114746,0.00212,92.159637
342,9/12/2018,3614.234375,0.002102,95.142059
343,10/12/2018,3502.656006,0.0021,91.685654
344,11/12/2018,3424.588135,0.002088,88.945305
345,12/12/2018,3486.950195,0.002111,90.5933
346,13/12/2018,3313.677246,0.002065,86.539314
347,14/12/2018,3242.484863,0.00207,84.308296
348,15/12/2018,3236.761719,0.002113,84.440811
349,16/12/2018,3252.839111,0.002125,85.2621
350,17/12/2018,3545.864746,0.002533,95.133827
351,18/12/2018,3696.059082,0.002684,101.112457
352,19/12/2018,3745.950684,0.00272,101.268578
353,20/12/2018,4134.441406,0.002731,116.216873
354,21/12/2018,3896.543701,0.002545,109.496231
355,22/12/2018,4014.182617,0.002502,116.759499
356,23/12/2018,3998.980225,0.002542,130.765259
357,24/12/2018,4078.599121,0.00254,140.238007
358,25/12/2018,3815.490723,0.002404,129.844345
359,26/12/2018,3857.297607,0.002474,131.865631
360,27/12/2018,3654.833496,0.002364,116.575912
361,28/12/2018,3923.918701,0.002434,137.647018
362,29/12/2018,3820.408691,0.002403,138.018341
363,30/12/2018,3865.952637,0.002367,139.859451
364,31/12/2018,3742.700439,0.002346,133.368256
365,1/1/2019,3843.52002,0.002392,140.819412
366,2/1/2019,3943.409424,0.002407,155.047684
367,3/1/2019,3836.741211,0.00236,149.13501
368,4/1/2019,3857.717529,0.002315,154.58194
369,5/1/2019,3845.19458,0.002319,155.638596
370,6/1/2019,4076.632568,0.002328,157.746201
371,7/1/2019,4025.248291,0.002285,151.699219
372,8/1/2019,4030.8479,0.002276,150.359634
373,9/1/2019,4035.296387,0.002266,150.803116
374,10/1/2019,3678.924561,0.002132,128.625183
375,11/1/2019,3687.365479,0.002129,127.548325
376,12/1/2019,3661.301025,0.002148,125.96653
377,13/1/2019,3552.953125,0.002094,116.897804
378,14/1/2019,3706.052246,0.002183,129.068726
379,15/1/2019,3630.675293,0.002111,122.032715
380,16/1/2019,3655.006836,0.002138,123.547066
381,17/1/2019,3678.563965,0.002094,123.74192
382,18/1/2019,3657.839355,0.002106,121.010262
383,19/1/2019,3728.568359,0.002153,124.51902
384,20/1/2019,3601.013672,0.002119,119.474831
385,21/1/2019,3576.032471,0.002101,117.157852
386,22/1/2019,3604.577148,0.002057,118.747551
387,23/1/2019,3585.123047,0.002043,117.452606
388,24/1/2019,3600.865479,0.002039,117.362885
389,25/1/2019,3599.765869,0.002118,116.378342
390,26/1/2019,3602.460449,0.002083,116.488739
391,27/1/2019,3583.96582,0.002027,113.405289
392,28/1/2019,3470.450439,0.001944,106.589973
393,29/1/2019,3448.116943,0.001927,105.598213
394,30/1/2019,3486.181641,0.001961,108.907539
395,31/1/2019,3457.792725,0.001925,107.061012
396,1/2/2019,3487.945313,0.001916,107.609787
397,2/2/2019,3521.060791,0.001936,110.43026
398,3/2/2019,3464.013428,0.001904,107.492668
399,4/2/2019,3459.154053,0.001896,107.821602
400,5/2/2019,3466.357422,0.001888,107.44352
401,6/2/2019,3413.767822,0.001866,104.919289
402,7/2/2019,3399.47168,0.001845,104.535301
403,8/2/2019,3666.780273,0.001956,119.267746
404,9/2/2019,3671.203613,0.001949,119.430885
405,10/2/2019,3690.188232,0.001946,124.806488
406,11/2/2019,3648.430664,0.001906,121.298393
407,12/2/2019,3653.528564,0.001894,122.572289
408,13/2/2019,3632.070557,0.001893,122.553604
409,14/2/2019,3616.880859,0.001897,121.390205
410,15/2/2019,3620.810791,0.001908,122.100388
411,16/2/2019,3629.787598,0.001924,123.260216
412,17/2/2019,3673.836182,0.001992,133.598877
413,18/2/2019,3915.714355,0.002114,146.098373
414,19/2/2019,3947.094482,0.002067,145.346191
415,20/2/2019,3999.820557,0.002079,149.554337
416,21/2/2019,3954.118164,0.002028,146.130844
417,22/2/2019,4005.526611,0.002056,149.092453
418,23/2/2019,4142.526855,0.002083,158.795425
419,24/2/2019,3810.42749,0.001974,135.852661
420,25/2/2019,3882.696289,0.00203,139.822861
421,26/2/2019,3854.35791,0.002023,138.089676
422,27/2/2019,3851.047363,0.002019,136.125961
423,28/2/2019,3854.7854,0.001976,136.746246
424,1/3/2019,3859.58374,0.001994,136.443619
425,2/3/2019,3864.415039,0.002003,134.206955
426,3/3/2019,3847.175781,0.001999,132.24942
427,4/3/2019,3761.557129,0.001982,127.774124
428,5/3/2019,3896.375,0.001985,137.822388
429,6/3/2019,3903.942627,0.001983,138.789352
430,7/3/2019,3911.484375,0.001991,138.0345
431,8/3/2019,3901.131592,0.00198,135.127075
432,9/3/2019,3963.313721,0.001998,137.965332
433,10/3/2019,3951.599854,0.001999,136.758682
434,11/3/2019,3905.227295,0.001966,133.83403
435,12/3/2019,3909.15625,0.002012,134.442886
436,13/3/2019,3906.717285,0.002025,133.263077
437,14/3/2019,3924.369141,0.002039,133.711594
438,15/3/2019,3960.911133,0.002048,137.691788
439,16/3/2019,4048.72583,0.002077,142.398178
440,17/3/2019,4025.229004,0.002081,140.000549
441,18/3/2019,4032.507324,0.002083,139.374603
442,19/3/2019,4071.190186,0.002091,140.519196
443,20/3/2019,4087.476318,0.002061,140.686356
444,21/3/2019,4029.326904,0.002054,136.636063
445,22/3/2019,4023.968262,0.002052,137.181442
446,23/3/2019,4035.826416,0.002064,138.239868
447,24/3/2019,4022.168213,0.002054,136.986923
448,25/3/2019,3963.070557,0.002043,135.031021
449,26/3/2019,3985.080811,0.002054,135.460358
450,27/3/2019,4087.066162,0.002085,140.988159
451,28/3/2019,4069.107178,0.002074,139.416473
452,29/3/2019,4098.374512,0.002087,142.497421
453,30/3/2019,4106.660156,0.00208,142.092682
454,31/3/2019,4105.404297,0.00208,141.514099
455,1/4/2019,4158.183105,0.002461,141.830322
456,2/4/2019,4879.87793,0.002795,163.961746
457,3/4/2019,4973.021973,0.003164,161.458801
458,4/4/2019,4922.798828,0.003697,158.052536
459,5/4/2019,5036.681152,0.00359,165.514847
460,6/4/2019,5059.817383,0.003439,165.947205
461,7/4/2019,5198.896973,0.003418,174.531647
462,8/4/2019,5289.770996,0.003045,180.25882
463,9/4/2019,5204.958496,0.002884,176.114578
464,10/4/2019,5324.551758,0.003021,177.337479
465,11/4/2019,5064.487793,0.002789,165.497025
466,12/4/2019,5089.539063,0.002856,164.736328
467,13/4/2019,5096.586426,0.002872,164.513351
468,14/4/2019,5167.722168,0.002882,167.838516
469,15/4/2019,5067.108398,0.00279,161.574173
470,16/4/2019,5235.55957,0.002835,167.623444
471,17/4/2019,5251.937988,0.00281,166.95076
472,18/4/2019,5298.385742,0.002946,173.814026
473,19/4/2019,5303.8125,0.002893,173.708435
474,20/4/2019,5337.88623,0.002902,173.751266
475,21/4/2019,5314.53125,0.00276,170.046524
476,22/4/2019,5399.365234,0.002798,171.874664
477,23/4/2019,5572.362305,0.002772,171.4478
478,24/4/2019,5464.866699,0.002599,165.826096
479,25/4/2019,5210.515625,0.002506,154.459396
480,26/4/2019,5279.348145,0.002519,156.347092
481,27/4/2019,5268.291016,0.002516,158.434937
482,28/4/2019,5285.13916,0.002531,157.295074
483,29/4/2019,5247.352539,0.002466,155.201996
484,30/4/2019,5350.726563,0.002513,162.166031
485,1/5/2019,5402.697266,0.002521,160.818344
486,2/5/2019,5505.283691,0.002611,162.122787
487,3/5/2019,5768.289551,0.002721,167.952408
488,4/5/2019,5831.16748,0.00268,164.026581
489,5/5/2019,5795.708496,0.002653,163.450699
490,6/5/2019,5746.807129,0.002542,172.653214
491,7/5/2019,5829.501465,0.002536,169.79866
492,8/5/2019,5982.45752,0.002537,170.948166
493,9/5/2019,6174.528809,0.0025,170.289307
494,10/5/2019,6378.849121,0.002522,173.142746
495,11/5/2019,7204.771484,0.002754,194.304337
496,12/5/2019,6972.371582,0.002665,187.325317
497,13/5/2019,7814.915039,0.002756,196.846283
498,14/5/2019,7994.416016,0.003068,217.148575
499,15/5/2019,8205.167969,0.003308,247.153061
500,16/5/2019,7884.90918,0.003168,264.01001
501,17/5/2019,7343.895508,0.002962,243.764587
502,18/5/2019,7271.208008,0.003005,234.59523
503,19/5/2019,8197.689453,0.003178,261.292206
504,20/5/2019,7978.309082,0.003041,251.86441
505,21/5/2019,7963.327637,0.003086,255.215881
506,22/5/2019,7680.066406,0.002939,244.698914
507,23/5/2019,7881.84668,0.002961,245.965668
508,24/5/2019,7987.371582,0.002995,249.484985
509,25/5/2019,8052.543945,0.002991,251.759872
510,26/5/2019,8673.21582,0.003092,267.069641
511,27/5/2019,8805.77832,0.003141,272.86264
512,28/5/2019,8719.961914,0.003148,271.768707
513,29/5/2019,8659.487305,0.003127,269.455688
514,30/5/2019,8319.472656,0.003258,255.858948
515,31/5/2019,8574.501953,0.003441,268.113556
516,1/6/2019,8564.016602,0.003419,265.391266
517,2/6/2019,8742.958008,0.003398,270.225525
518,3/6/2019,8208.995117,0.003198,252.607925
519,4/6/2019,7707.770996,0.003042,241.338791
520,5/6/2019,7824.231445,0.00307,247.05101
521,6/6/2019,7822.023438,0.003087,249.474335
522,7/6/2019,8043.951172,0.00311,250.930359
523,8/6/2019,7954.12793,0.003084,245.738098
524,9/6/2019,7688.077148,0.003012,233.0867
525,10/6/2019,8000.32959,0.003091,247.520126
526,11/6/2019,7927.714355,0.003058,245.78183
527,12/6/2019,8145.857422,0.003067,260.90329
528,13/6/2019,8230.923828,0.003074,256.168793
529,14/6/2019,8693.833008,0.003124,264.087463
530,15/6/2019,8838.375,0.003157,269.019318
531,16/6/2019,8994.488281,0.003186,269.223206
532,17/6/2019,9320.352539,0.00319,274.351105
533,18/6/2019,9081.762695,0.003125,265.051849
534,19/6/2019,9273.521484,0.00313,269.431793
535,20/6/2019,9527.160156,0.003161,271.695007
536,21/6/2019,10144.55664,0.003223,294.910278
537,22/6/2019,10701.69141,0.003279,309.38031
538,23/6/2019,10855.37109,0.003304,307.827789
539,24/6/2019,11011.10254,0.003368,310.424683
540,25/6/2019,11790.91699,0.003392,318.126312
541,26/6/2019,13016.23145,0.003379,336.753174
542,27/6/2019,11182.80664,0.003329,294.267639
543,28/6/2019,12407.33203,0.00349,311.226105
544,29/6/2019,11959.37109,0.003405,320.058899
545,30/6/2019,10817.15527,0.003258,290.695984
546,1/7/2019,10583.13477,0.003238,293.641113
547,2/7/2019,10801.67773,0.003204,291.596436
548,3/7/2019,11961.26953,0.003313,303.099976
549,4/7/2019,11215.4375,0.003229,284.523224
550,5/7/2019,10978.45996,0.003867,287.997528
551,6/7/2019,11208.55078,0.003547,287.547119
552,7/7/2019,11450.84668,0.003633,305.700562
553,8/7/2019,12285.95801,0.003559,313.251404
554,9/7/2019,12573.8125,0.003549,308.881012
555,10/7/2019,12156.5127,0.003424,290.002319
556,11/7/2019,11358.66211,0.003243,268.704041
557,12/7/2019,11815.98633,0.00334,276.276703
558,13/7/2019,11392.37891,0.003249,269.458801
559,14/7/2019,10256.05859,0.003014,227.578064
560,15/7/2019,10895.08984,0.003092,229.776001
561,16/7/2019,9477.641602,0.002825,199.188675
562,17/7/2019,9693.802734,0.00303,211.48497
563,18/7/2019,10666.48242,0.003121,226.566162
564,19/7/2019,10530.73242,0.003059,221.33342
565,20/7/2019,10767.13965,0.003118,229.119217
566,21/7/2019,10599.10547,0.003076,225.630768
567,22/7/2019,10343.10645,0.002997,217.560013
568,23/7/2019,9900.767578,0.00288,212.728516
569,24/7/2019,9811.925781,0.002915,217.046371
570,25/7/2019,9911.841797,0.002921,219.617996
571,26/7/2019,9870.303711,0.002921,219.629608
572,27/7/2019,9477.677734,0.002823,207.40831
573,28/7/2019,9552.860352,0.002859,211.186554
574,29/7/2019,9519.145508,0.00284,211.268051
575,30/7/2019,9607.423828,0.002817,210.522598
576,31/7/2019,10085.62793,0.002899,218.654144
577,1/8/2019,10399.66895,0.002957,217.808441
578,2/8/2019,10518.17481,0.002909,217.871567
579,3/8/2019,10821.72656,0.002912,222.490341
580,4/8/2019,10970.18457,0.002938,222.669724
581,5/8/2019,11805.65332,0.003087,234.215027
582,6/8/2019,11478.16895,0.00295,226.020645
583,7/8/2019,11941.96875,0.003006,226.391006
584,8/8/2019,11966.40723,0.002928,220.941864
585,9/8/2019,11862.93652,0.002904,210.488907
586,10/8/2019,11354.02441,0.002842,206.733536
587,11/8/2019,11523.5791,0.002898,216.092865
588,12/8/2019,11382.61621,0.00288,211.288071
589,13/8/2019,10895.83008,0.002825,208.709045
590,14/8/2019,10051.7041,0.002722,186.607742
591,15/8/2019,10311.5459,0.00264,188.50206
592,16/8/2019,10374.33887,0.002681,185.440079
593,17/8/2019,10231.74414,0.002646,185.687683
594,18/8/2019,10345.81055,0.002723,194.49353
595,19/8/2019,10916.05371,0.002797,203.091934
596,20/8/2019,10763.23242,0.002763,196.565414
597,21/8/2019,10138.04981,0.002675,186.891632
598,22/8/2019,10131.05566,0.0027,191.332916
599,23/8/2019,10407.96484,0.002713,194.706207
600,24/8/2019,10159.96094,0.002661,191.289566
601,25/8/2019,10138.51758,0.002662,186.842392
602,26/8/2019,10370.82031,0.002679,188.929382
603,27/8/2019,10185.5,0.00262,187.516663
604,28/8/2019,9754.422852,0.002524,173.889969
605,29/8/2019,9510.200195,0.00245,169.516739
606,30/8/2019,9598.173828,0.002482,168.834869
607,31/8/2019,9630.664063,0.002511,172.469788
608,1/9/2019,9757.970703,0.002492,171.629425
609,2/9/2019,10346.76074,0.002596,178.347351
610,3/9/2019,10623.54004,0.002595,179.499329
611,4/9/2019,10594.49316,0.00269,175.992889
612,5/9/2019,10575.5332,0.002531,174.217133
613,6/9/2019,10353.30273,0.002509,169.956177
614,7/9/2019,10517.25488,0.002515,178.262619
615,8/9/2019,10441.27637,0.002501,181.35553
616,9/9/2019,10334.97461,0.002461,181.14946
617,10/9/2019,10115.97559,0.002437,179.78717
618,11/9/2019,10178.37207,0.002399,178.725494
619,12/9/2019,10410.12695,0.002425,181.016098
620,13/9/2019,10360.54688,0.002426,181.109726
621,14/9/2019,10358.04883,0.002441,188.105515
622,15/9/2019,10347.71289,0.00246,189.789124
623,16/9/2019,10276.79395,0.002455,197.113174
624,17/9/2019,10241.27246,0.002608,208.608749
625,18/9/2019,10198.24805,0.002719,211.393036
626,19/9/2019,10266.41504,0.002709,221.280853
627,20/9/2019,10181.6416,0.002672,218.050049
628,21/9/2019,10019.7168,0.002586,215.516205
629,22/9/2019,10070.39258,0.002592,211.54538
630,23/9/2019,9729.324219,0.002486,201.92131
631,24/9/2019,8620.566406,0.002228,168.110733
632,25/9/2019,8486.993164,0.002197,170.8927
633,26/9/2019,8118.967773,0.002155,166.727127
634,27/9/2019,8251.845703,0.002221,174.710999
635,28/9/2019,8245.915039,0.002234,174.572891
636,29/9/2019,8104.185547,0.002223,170.503479
637,30/9/2019,8293.868164,0.002387,179.872208
638,1/10/2019,8343.276367,0.002388,177.340424
639,2/10/2019,8393.041992,0.002351,180.71051
640,3/10/2019,8259.992188,0.002325,175.199341
641,4/10/2019,8205.939453,0.00236,176.985001
642,5/10/2019,8151.500488,0.002322,176.351517
643,6/10/2019,7988.155762,0.002346,173.059143
644,7/10/2019,8245.623047,0.00239,181.18634
645,8/10/2019,8228.783203,0.002346,182.021561
646,9/10/2019,8595.740234,0.002388,193.293259
647,10/10/2019,8586.473633,0.002332,191.659668
648,11/10/2019,8321.756836,0.002345,182.569687
649,12/10/2019,8336.555664,0.00234,180.826645
650,13/10/2019,8321.005859,0.002447,182.07515
651,14/10/2019,8374.686523,0.002545,186.960907
652,15/10/2019,8205.369141,0.00251,181.406067
653,16/10/2019,8047.526855,0.002607,176.013504
654,17/10/2019,8103.911133,0.002755,178.028351
655,18/10/2019,7973.20752,0.002706,173.621338
656,19/10/2019,7988.560547,0.002743,172.913025
657,20/10/2019,8222.078125,0.00273,175.534378
658,21/10/2019,8243.720703,0.002774,174.92099
659,22/10/2019,8078.203125,0.002565,172.300858
660,23/10/2019,7514.671875,0.002495,162.402786
661,24/10/2019,7493.48877,0.002538,162.168549
662,25/10/2019,8660.700195,0.002684,181.523209
663,26/10/2019,9244.972656,0.002622,179.83548
664,27/10/2019,9551.714844,0.002654,184.242218
665,28/10/2019,9256.148438,0.002646,182.662811
666,29/10/2019,9427.6875,0.002655,190.342575
667,30/10/2019,9205.726563,0.002616,184.692169
668,31/10/2019,9199.584961,0.002615,183.966919
669,1/11/2019,9261.104492,0.00263,183.969894
670,2/11/2019,9324.717773,0.002627,183.92572
671,3/11/2019,9235.354492,0.002637,182.425018
672,4/11/2019,9412.612305,0.002614,186.355194
673,5/11/2019,9342.527344,0.002624,189.304169
674,6/11/2019,9360.879883,0.002628,191.593842
675,7/11/2019,9267.561523,0.002725,187.976547
676,8/11/2019,8804.880859,0.002653,184.211472
677,9/11/2019,8813.582031,0.002713,185.028717
678,10/11/2019,9055.526367,0.002775,189.47728
679,11/11/2019,8757.788086,0.002715,185.489639
680,12/11/2019,8815.662109,0.002725,186.843414
681,13/11/2019,8808.262695,0.002698,188.258743
682,14/11/2019,8708.094727,0.00268,185.999634
683,15/11/2019,8491.992188,0.002657,180.521179
684,16/11/2019,8550.760742,0.002669,183.348358
685,17/11/2019,8577.975586,0.002648,185.119232
686,18/11/2019,8309.286133,0.002576,180.559601
687,19/11/2019,8206.145508,0.002548,177.455551
688,20/11/2019,8027.268066,0.002556,175.698349
689,21/11/2019,7642.75,0.002426,161.462723
690,22/11/2019,7296.577637,0.002362,150.268173
691,23/11/2019,7397.796875,0.002505,153.417786
692,24/11/2019,7047.916992,0.002365,142.834702
693,25/11/2019,7146.133789,0.002286,146.476532
694,26/11/2019,7218.371094,0.002291,148.965073
695,27/11/2019,7531.663574,0.002339,153.010559
696,28/11/2019,7463.105957,0.002313,151.717575
697,29/11/2019,7761.243652,0.002456,155.304153
698,30/11/2019,7569.629883,0.00232,152.539688
699,1/12/2019,7424.29248,0.002292,151.18573
700,2/12/2019,7321.988281,0.002235,149.059158
701,3/12/2019,7320.145508,0.002217,147.956421
702,4/12/2019,7252.034668,0.002208,146.747742
703,5/12/2019,7448.307617,0.002223,149.248993
704,6/12/2019,7546.996582,0.002226,149.194443
705,7/12/2019,7556.237793,0.00223,148.768158
706,8/12/2019,7564.345215,0.002238,151.264725
707,9/12/2019,7400.899414,0.002208,148.225174
708,10/12/2019,7278.119629,0.002204,146.267044
709,11/12/2019,7217.427246,0.002185,143.608002
710,12/12/2019,7243.134277,0.002188,145.604004
711,13/12/2019,7269.68457,0.002175,144.944748
712,14/12/2019,7124.673828,0.00217,142.869232
713,15/12/2019,7152.301758,0.002154,143.11499
714,16/12/2019,6932.480469,0.002121,133.614029
715,17/12/2019,6640.515137,0.002018,122.603889
716,18/12/2019,7276.802734,0.002183,133.092194
717,19/12/2019,7202.844238,0.002123,129.321136
718,20/12/2019,7218.816406,0.002075,129.066055
719,21/12/2019,7191.158691,0.002084,128.130951
720,22/12/2019,7511.588867,0.002115,132.372513
721,23/12/2019,7355.628418,0.002073,128.61409
722,24/12/2019,7322.532227,0.002073,129.063889
723,25/12/2019,7275.155762,0.002088,126.454636
724,26/12/2019,7238.966797,0.002058,126.361221
725,27/12/2019,7290.088379,0.002053,127.214607
726,28/12/2019,7317.990234,0.002064,128.322708
727,29/12/2019,7422.652832,0.002068,134.75798
728,30/12/2019,7292.995117,0.002054,132.633484
729,31/12/2019,7193.599121,0.002028,129.610855
730,1/1/2020,7200.174316,0.002033,130.802002
731,2/1/2020,6985.470215,0.002009,127.410179
732,3/1/2020,7344.884277,0.002145,134.171707
733,4/1/2020,7410.656738,0.002241,135.069366
734,5/1/2020,7411.317383,0.002419,136.276779
735,6/1/2020,7769.219238,0.002463,144.304153
736,7/1/2020,8163.692383,0.002433,143.543991
737,8/1/2020,8079.862793,0.002293,141.258133
738,9/1/2020,7879.071289,0.002256,138.979202
739,10/1/2020,8166.554199,0.002356,143.963776
740,11/1/2020,8037.537598,0.002314,142.927109
741,12/1/2020,8192.494141,0.002381,145.873932
742,13/1/2020,8144.194336,0.002358,144.226593
743,14/1/2020,8827.764648,0.00247,165.955353
744,15/1/2020,8807.010742,0.002369,166.230682
745,16/1/2020,8723.786133,0.002345,164.391006
746,17/1/2020,8929.038086,0.00249,170.779953
747,18/1/2020,8942.808594,0.002507,175.365677
748,19/1/2020,8706.245117,0.002405,166.969849
749,20/1/2020,8657.642578,0.002374,167.120514
750,21/1/2020,8745.894531,0.002376,169.697159
751,22/1/2020,8680.875977,0.002323,168.294159
752,23/1/2020,8406.515625,0.002268,162.928558
753,24/1/2020,8445.43457,0.002276,163.051178
754,25/1/2020,8367.847656,0.002257,161.283936
755,26/1/2020,8596.830078,0.002305,168.077103
756,27/1/2020,8909.819336,0.002368,170.930893
757,28/1/2020,9358.589844,0.00245,176.370316
758,29/1/2020,9316.629883,0.00239,175.050339
759,30/1/2020,9508.993164,0.00244,184.690475
760,31/1/2020,9350.529297,0.002394,180.160172
761,1/2/2020,9392.875,0.002422,183.67395
762,2/2/2020,9344.365234,0.002468,188.617538
763,3/2/2020,9293.521484,0.00244,189.865067
764,4/2/2020,9180.962891,0.002503,189.250595
765,5/2/2020,9613.423828,0.002582,204.23024
766,6/2/2020,9729.801758,0.002653,212.339081
767,7/2/2020,9795.943359,0.002769,222.726059
768,8/2/2020,9865.119141,0.003159,223.146515
769,9/2/2020,10116.67383,0.003232,228.578568
770,10/2/2020,9856.611328,0.002986,223.522705
771,11/2/2020,10208.23633,0.003041,235.851196
772,12/2/2020,10326.05469,0.003093,265.406128
773,13/2/2020,10214.37988,0.003026,268.099243
774,14/2/2020,10312.11621,0.00313,284.217499
775,15/2/2020,9889.424805,0.00292,264.728577
776,16/2/2020,9934.433594,0.002774,259.894714
777,17/2/2020,9690.142578,0.002712,266.363434
778,18/2/2020,10141.99609,0.002839,281.94458
779,19/2/2020,9633.386719,0.002624,259.763977
780,20/2/2020,9608.475586,0.002659,257.949463
781,21/2/2020,9686.441406,0.002648,265.600616
782,22/2/2020,9663.181641,0.002601,262.331726
783,23/2/2020,9924.515625,0.00268,273.75415
784,24/2/2020,9650.174805,0.00259,265.216431
785,25/2/2020,9341.705078,0.002476,247.817596
786,26/2/2020,8820.522461,0.002339,225.680267
787,27/2/2020,8784.494141,0.002324,226.753387
788,28/2/2020,8672.455078,0.002289,226.760498
789,29/2/2020,8599.508789,0.002235,219.848511
790,1/3/2020,8562.454102,0.002275,218.970596
791,2/3/2020,8869.669922,0.002349,230.569778
792,3/3/2020,8787.786133,0.002499,224.47963
793,4/3/2020,8755.246094,0.002398,224.517975
794,5/3/2020,9078.762695,0.002506,229.268188
795,6/3/2020,9122.545898,0.002496,243.525299
796,7/3/2020,8909.954102,0.002405,237.853088
797,8/3/2020,8108.116211,0.002187,200.689056
798,9/3/2020,7923.644531,0.002214,201.986328
799,10/3/2020,7909.729492,0.002207,200.767242
800,11/3/2020,7911.430176,0.002184,194.86853
801,12/3/2020,4970.788086,0.001537,112.347122
802,13/3/2020,5563.707031,0.001738,133.201813
803,14/3/2020,5200.366211,0.001666,123.306023
804,15/3/2020,5392.314941,0.001685,125.214302
805,16/3/2020,5014.47998,0.001587,110.605873
806,17/3/2020,5225.629395,0.001587,113.942749
807,18/3/2020,5238.438477,0.001566,114.84227
808,19/3/2020,6191.192871,0.001773,136.593857
809,20/3/2020,6198.77832,0.001773,132.737167
810,21/3/2020,6185.066406,0.001785,132.81871
811,22/3/2020,5830.254883,0.001731,123.321152
812,23/3/2020,6416.314941,0.001805,134.911606
813,24/3/2020,6734.803711,0.001851,138.761444
814,25/3/2020,6681.062988,0.001834,136.195892
815,26/3/2020,6716.44043,0.001842,138.361557
816,27/3/2020,6469.79834,0.001807,133.937943
817,28/3/2020,6242.193848,0.001778,130.986496
818,29/3/2020,5922.042969,0.001723,125.583733
819,30/3/2020,6429.841797,0.001831,132.904541
820,31/3/2020,6438.644531,0.001811,133.593567
821,1/4/2020,6606.776367,0.001867,135.634552
822,2/4/2020,6793.624512,0.001882,142.029144
823,3/4/2020,6733.387207,0.001853,142.091309
824,4/4/2020,6867.527344,0.00188,145.219391
825,5/4/2020,6791.129395,0.001865,143.546646
826,6/4/2020,7271.78125,0.00198,169.13588
827,7/4/2020,7176.414551,0.001997,165.101944
828,8/4/2020,7334.098633,0.002012,172.641739
829,9/4/2020,7302.089355,0.002021,170.807144
830,10/4/2020,6865.493164,0.001968,158.412445
831,11/4/2020,6859.083008,0.00199,158.216019
832,12/4/2020,6971.091797,0.00199,161.142426
833,13/4/2020,6845.037598,0.001959,156.279556
834,14/4/2020,6842.427734,0.001964,157.59639
835,15/4/2020,6642.109863,0.00194,153.286896
836,16/4/2020,7116.804199,0.002028,172.157379
837,17/4/2020,13982.17959,0.03222359,609.7481017
838,18/4/2020,7257.665039,0.002061,186.914001
839,19/4/2020,7189.424805,0.002058,181.61496
840,20/4/2020,6881.958496,0.001982,172.297165
841,21/4/2020,6880.323242,0.001971,172.737701
842,22/4/2020,7117.20752,0.002011,182.599579
843,23/4/2020,7429.724609,0.002047,185.028671
844,24/4/2020,7550.900879,0.002103,189.236938
845,25/4/2020,7569.936035,0.002142,195.515305
846,26/4/2020,7679.867188,0.002409,197.317535
847,27/4/2020,7795.601074,0.002355,197.224716
848,28/4/2020,7807.058594,0.002339,198.41539
849,29/4/2020,8801.038086,0.002517,216.968231
850,30/4/2020,8658.553711,0.002443,207.602051
851,1/5/2020,8864.766602,0.002494,214.219101
852,2/5/2020,8988.59668,0.002549,215.325378
853,3/5/2020,8897.46875,0.00251,210.933151
854,4/5/2020,8912.654297,0.002481,208.174011
855,5/5/2020,9003.070313,0.002484,206.774399
856,6/5/2020,9268.761719,0.002529,204.055786
857,7/5/2020,9951.518555,0.002664,212.289413
858,8/5/2020,9842.666016,0.002625,212.991577
859,9/5/2020,9593.896484,0.002613,211.600128
860,10/5/2020,8756.430664,0.002459,188.599564
861,11/5/2020,8601.795898,0.002413,185.912842
862,12/5/2020,8804.477539,0.002463,189.3125
863,13/5/2020,9269.987305,0.002521,199.193283
864,14/5/2020,9733.72168,0.002574,202.949097
865,15/5/2020,9328.197266,0.002506,195.622665
866,16/5/2020,9377.013672,0.002513,200.677124
867,17/5/2020,9670.739258,0.002538,207.158691
868,18/5/2020,9726.575195,0.002543,214.525055
869,19/5/2020,9729.038086,0.002538,213.451111
870,20/5/2020,9522.981445,0.002508,210.096741
871,21/5/2020,9081.761719,0.002485,199.883606
872,22/5/2020,9182.577148,0.002533,207.169189
873,23/5/2020,9209.287109,0.002544,208.694397
874,24/5/2020,8790.368164,0.002458,202.370346
875,25/5/2020,8906.93457,0.00254,205.319748
876,26/5/2020,8835.052734,0.002486,201.902313
877,27/5/2020,9181.017578,0.00251,208.863434
878,28/5/2020,9525.750977,0.002524,219.840424
879,29/5/2020,9439.124023,0.002532,220.675125
880,30/5/2020,9700.414063,0.002615,242.345596
881,31/5/2020,9461.058594,0.002555,230.975708
882,1/6/2020,10167.26856,0.002647,246.99176
883,2/6/2020,9529.803711,0.002561,237.219055
884,3/6/2020,9656.717773,0.002583,244.179321
885,4/6/2020,9800.636719,0.002631,244.426392
886,5/6/2020,9665.533203,0.002596,241.221985
887,6/6/2020,9653.679688,0.002587,241.93132
888,7/6/2020,9758.852539,0.002606,245.167252
889,8/6/2020,9771.489258,0.002584,246.309906
890,9/6/2020,9795.700195,0.002569,244.911453
891,10/6/2020,9870.094727,0.002584,247.444946
892,11/6/2020,9321.78125,0.002452,231.702667
893,12/6/2020,9480.84375,0.00252,237.49321
894,13/6/2020,9475.277344,0.002533,238.908844
895,14/6/2020,9386.788086,0.002511,234.1147
896,15/6/2020,9450.702148,0.002479,229.928909
897,16/6/2020,9538.024414,0.002487,234.416168
898,17/6/2020,9480.254883,0.002485,233.028275
899,18/6/2020,9411.84082,0.002472,232.101166
900,19/6/2020,9288.018555,0.002435,227.13829
901,20/6/2020,9332.34082,0.002447,229.274261
902,21/6/2020,9303.629883,0.002447,228.989822
903,22/6/2020,9648.717773,0.002474,242.533188
904,23/6/2020,9629.658203,0.002484,244.142151
905,24/6/2020,9313.610352,0.00243,235.772461
906,25/6/2020,9264.813477,0.002417,232.944489
907,26/6/2020,9162.917969,0.002359,229.668045
908,27/6/2020,9045.390625,0.002313,222.959793
909,28/6/2020,9143.582031,0.002326,225.347168
910,29/6/2020,9190.854492,0.002313,228.19487
911,30/6/2020,9137.993164,0.00232,226.315002
912,1/7/2020,9228.325195,0.002354,231.113419
913,2/7/2020,9123.410156,0.002361,229.392197
914,3/7/2020,9087.303711,0.002316,225.38707
915,4/7/2020,9132.488281,0.002309,229.074112
916,5/7/2020,9073.942383,0.002309,227.664597
917,6/7/2020,9375.474609,0.002616,241.510223
918,7/7/2020,9252.277344,0.00309,239.075531
919,8/7/2020,9428.333008,0.00475,246.670013
920,9/7/2020,9277.967773,0.004397,243.015961
921,10/7/2020,9278.807617,0.003515,240.984985
922,11/7/2020,9240.34668,0.003811,239.458176
923,12/7/2020,9276.5,0.00363,242.131699
924,13/7/2020,9243.614258,0.003178,239.604584
925,14/7/2020,9243.213867,0.003294,240.211487
926,15/7/2020,9192.836914,0.003085,238.423523
927,16/7/2020,9132.227539,0.002995,233.640884
928,17/7/2020,9151.392578,0.003061,232.773087
929,18/7/2020,9159.040039,0.003473,235.48381
930,19/7/2020,9185.817383,0.003382,238.487518
931,20/7/2020,9164.231445,0.003239,236.153168
932,21/7/2020,9374.887695,0.003305,245.016724
933,22/7/2020,9525.363281,0.003285,262.190643
934,23/7/2020,9581.072266,0.003295,274.689056
935,24/7/2020,9536.892578,0.00322,279.215424
936,25/7/2020,9677.113281,0.003234,304.056763
937,26/7/2020,9905.166992,0.003235,309.643616
938,27/7/2020,10990.87305,0.003153,321.514099
939,28/7/2020,10912.82324,0.003197,316.657257
940,29/7/2020,11100.46777,0.003192,318.190887
941,30/7/2020,11111.21387,0.003231,334.586639
942,31/7/2020,11323.4668,0.003225,345.554657
943,1/8/2020,11759.59277,0.003689,385.199707
944,2/8/2020,11053.61426,0.003336,370.671722
945,3/8/2020,11246.34863,0.003389,386.295166
946,4/8/2020,11205.89258,0.003535,389.875488
947,5/8/2020,11747.02246,0.003513,401.590576
948,6/8/2020,11779.77344,0.00356,394.961945
949,7/8/2020,11601.47266,0.003533,379.512848
950,8/8/2020,11754.0459,0.00351,393.987366
951,9/8/2020,11675.73926,0.003463,391.120453
952,10/8/2020,11878.11133,0.003499,395.887573
953,11/8/2020,11410.52539,0.003394,380.384064
954,12/8/2020,11584.93457,0.003484,391.02417
955,13/8/2020,11784.1377,0.003517,428.741791
956,14/8/2020,11768.87109,0.003561,437.397827
957,15/8/2020,11865.69824,0.003539,433.354919
958,16/8/2020,11892.80371,0.003524,433.786621
959,17/8/2020,12254.40234,0.003591,429.53125
960,18/8/2020,11991.2334,0.003514,423.669312
961,19/8/2020,11758.2832,0.003424,406.463776
962,20/8/2020,11878.37207,0.003459,416.439789
963,21/8/2020,11592.48926,0.003393,389.126343
964,22/8/2020,11681.8252,0.003442,395.835144
965,23/8/2020,11664.84766,0.003414,391.384491
966,24/8/2020,11774.5957,0.003418,408.144196
967,25/8/2020,11366.13477,0.003305,384.001038
968,26/8/2020,11488.36328,0.003303,386.466125
969,27/8/2020,11323.39746,0.003203,382.632629
970,28/8/2020,11542.5,0.003268,395.874664
971,29/8/2020,11506.86523,0.003282,399.921478
972,30/8/2020,11711.50586,0.0033,428.395721
973,31/8/2020,11680.82031,0.003221,435.079742
974,1/9/2020,11970.47852,0.003256,477.05191
975,2/9/2020,11414.03418,0.003122,440.040497
976,3/9/2020,10245.29688,0.002802,385.671936
977,4/9/2020,10511.81348,0.002899,388.24115
978,5/9/2020,10169.56738,0.002758,335.260071
979,6/9/2020,10280.35156,0.002787,353.362274
980,7/9/2020,10369.56348,0.002811,352.673492
981,8/9/2020,10131.5166,0.002756,337.602112
982,9/9/2020,10242.34766,0.002779,351.110016
983,10/9/2020,10363.13867,0.002805,368.101898
984,11/9/2020,10400.91504,0.002806,374.695587
985,12/9/2020,10442.1709,0.002819,387.183105
986,13/9/2020,10323.75586,0.002776,365.570007
987,14/9/2020,10680.83789,0.002803,377.26886
988,15/9/2020,10796.95117,0.002832,364.839203
989,16/9/2020,10974.90527,0.002826,365.812286
990,17/9/2020,10948.99023,0.002814,389.019226
991,18/9/2020,10944.58594,0.002804,384.364532
992,19/9/2020,11094.34668,0.002794,385.544373
993,20/9/2020,10938.27148,0.002778,371.052826
994,21/9/2020,10462.25977,0.00263,341.786072
995,22/9/2020,10538.45996,0.002656,344.503174
996,23/9/2020,10225.86426,0.002564,320.585541
997,24/9/2020,10745.54883,0.002644,349.356659
998,25/9/2020,10702.29004,0.002706,352.161865
999,26/9/2020,10754.4375,0.002708,354.965271
1000,27/9/2020,10774.42676,0.002701,357.321686
1001,28/9/2020,10721.32715,0.002658,354.9505
1002,29/9/2020,10848.83008,0.002681,359.963409
1003,30/9/2020,10787.61816,0.002642,360.022369
1004,1/10/2020,10623.33008,0.002615,353.231293
1005,2/10/2020,10585.16406,0.002584,346.532654
1006,3/10/2020,10565.49316,0.002605,347.321594
1007,4/10/2020,10684.42871,0.002646,353.121918
1008,5/10/2020,10804.00098,0.002627,354.2771
1009,6/10/2020,10621.66406,0.00261,341.021149
1010,7/10/2020,10679.13672,0.0026,342.119781
1011,8/10/2020,10923.62793,0.002603,351.455658
1012,9/10/2020,13982.17959,0.03222359,609.7481017
1013,10/10/2020,11296.36133,0.002655,370.96759
1014,11/10/2020,11384.18164,0.002674,375.142059
1015,12/10/2020,13982.17959,0.03222359,609.7481017
1016,13/10/2020,13982.17959,0.03222359,609.7481017
1017,14/10/2020,11429.50684,0.002637,379.484039
1018,15/10/2020,11495.34961,0.002593,377.441833
1019,16/10/2020,11322.12305,0.002612,366.229004
1020,17/10/2020,11358.10156,0.002581,368.855927
1021,18/10/2020,11483.35938,0.002586,378.213684
1022,19/10/2020,11742.03711,0.00259,379.935608
1023,20/10/2020,11916.33496,0.002601,369.136902
1024,21/10/2020,12823.68945,0.00263,392.189972
1025,22/10/2020,12965.8916,0.002655,413.77298
1026,23/10/2020,12931.53906,0.002647,409.766693
1027,24/10/2020,13108.0625,0.002646,412.457611
1028,25/10/2020,13031.17383,0.002653,406.217773
1029,26/10/2020,13075.24805,0.002679,393.888306
1030,27/10/2020,13654.21875,0.002677,403.99704
1031,28/10/2020,13271.28516,0.002595,388.650757
1032,29/10/2020,13437.88281,0.002581,386.730103
1033,30/10/2020,13546.52246,0.002598,382.819977
1034,31/10/2020,13780.99512,0.002576,386.590332
1035,1/11/2020,13737.10938,0.002582,396.358185
1036,2/11/2020,13550.48926,0.002517,383.156738
1037,3/11/2020,13950.30078,0.002528,387.602173
1038,4/11/2020,14133.70703,0.002533,402.141998
1039,5/11/2020,15579.84863,0.002617,414.067352
1040,6/11/2020,15565.88086,0.00276,454.719299
1041,7/11/2020,14833.75391,0.002671,435.713135
1042,8/11/2020,15479.56738,0.002711,453.554779
1043,9/11/2020,15332.31543,0.00267,444.163055
1044,10/11/2020,15290.90234,0.002753,449.679626
1045,11/11/2020,15701.33984,0.002769,462.960541
1046,12/11/2020,16276.34375,0.002779,461.00528
1047,13/11/2020,16317.80859,0.002821,474.626434
1048,14/11/2020,16068.13867,0.002773,460.149841
1049,15/11/2020,15955.58789,0.002775,447.559082
1050,16/11/2020,16716.11133,0.002886,459.940308
1051,17/11/2020,17645.40625,0.002936,480.360077
1052,18/11/2020,17804.00586,0.002909,479.48407
1053,19/11/2020,17817.08984,0.002911,471.630432
1054,20/11/2020,18621.31445,0.002984,509.744568
1055,21/11/2020,18642.23242,0.003507,549.486633
1056,22/11/2020,18370.00195,0.003329,558.068115
1057,23/11/2020,18364.12109,0.003648,608.454041
1058,24/11/2020,19107.46484,0.004204,603.897766
1059,25/11/2020,18732.12109,0.003727,570.686646
1060,26/11/2020,17150.62305,0.00325,518.801147
1061,27/11/2020,17108.40234,0.003275,517.493713
1062,28/11/2020,17717.41406,0.003405,538.229797
1063,29/11/2020,18177.48438,0.003448,575.758057
1064,30/11/2020,19625.83594,0.003551,614.842529
1065,1/12/2020,18802.99805,0.003335,587.324158
1066,2/12/2020,19201.0918,0.003374,598.352356
1067,3/12/2020,19445.39844,0.003428,616.70874
1068,4/12/2020,18699.76563,0.003298,569.354187
1069,5/12/2020,19154.23047,0.003397,596.595459
1070,6/12/2020,19345.12109,0.003388,601.908997
1071,7/12/2020,19191.63086,0.003342,591.843384
1072,8/12/2020,18321.14453,0.003179,554.827759
1073,9/12/2020,18553.91602,0.003158,573.479126
1074,10/12/2020,18264.99219,0.003105,559.678528
1075,11/12/2020,18058.9043,0.003079,545.797363
1076,12/12/2020,18803.65625,0.003163,568.567322
1077,13/12/2020,19142.38281,0.003256,589.663208
1078,14/12/2020,19246.64453,0.003231,586.011169
1079,15/12/2020,19417.07617,0.003206,589.355591
1080,16/12/2020,21310.59766,0.003416,636.181824
1081,17/12/2020,22805.16211,0.00373,642.868958
1082,18/12/2020,23137.96094,0.003858,654.811951
1083,19/12/2020,23869.83203,0.003927,659.297913
1084,20/12/2020,23477.29492,0.004625,638.290833
1085,21/12/2020,22803.08203,0.004787,609.817871
1086,22/12/2020,23783.0293,0.004508,634.854187
1087,23/12/2020,23241.3457,0.003768,583.7146
1088,24/12/2020,23735.94922,0.00457,611.607178
1089,25/12/2020,24664.79102,0.004582,626.410706
1090,26/12/2020,26437.03711,0.004494,635.835815
1091,27/12/2020,26272.29492,0.004548,682.642334
1092,28/12/2020,27084.80859,0.004592,730.397339
1093,29/12/2020,27362.4375,0.004486,731.520142
1094,30/12/2020,28840.95313,0.004636,751.618958
1095,31/12/2020,29001.7207,0.004682,737.803406
1096,1/1/2021,29374.15234,0.005685,730.367554
1097,2/1/2021,32127.26758,0.010615,774.534973
1098,3/1/2021,32782.02344,0.009771,975.50769
1099,4/1/2021,31971.91406,0.009767,1040.233032
1100,5/1/2021,33992.42969,0.00992,1100.006104
1101,6/1/2021,36824.36328,0.010465,1207.112183
1102,7/1/2021,39371.04297,0.009742,1225.678101
1103,8/1/2021,40797.60938,0.009846,1224.197144
1104,9/1/2021,40254.54688,0.010194,1281.077271
1105,10/1/2021,38356.44141,0.00986,1262.246704
1106,11/1/2021,35566.65625,0.008835,1090.145386
1107,12/1/2021,33922.96094,0.008063,1043.43457
1108,13/1/2021,37316.35938,0.008616,1130.73938
1109,14/1/2021,39187.32813,0.009397,1218.453003
1110,15/1/2021,36825.36719,0.009369,1171.834595
1111,16/1/2021,36178.14063,0.009265,1233.537598
1112,17/1/2021,35791.27734,0.009067,1230.172241
1113,18/1/2021,36630.07422,0.009171,1257.279541
1114,19/1/2021,36069.80469,0.009098,1377.295898
1115,20/1/2021,35547.75,0.00906,1382.274048
1116,21/1/2021,30825.69922,0.008166,1121.570923
1117,22/1/2021,33005.76172,0.008524,1236.512207
1118,23/1/2021,32067.64258,0.008579,1230.990601
1119,24/1/2021,32289.37891,0.008727,1391.609375
1120,25/1/2021,32366.39258,0.008383,1324.414795
1121,26/1/2021,32569.84961,0.008255,1357.058105
1122,27/1/2021,30432.54688,0.007482,1253.187134
1123,28/1/2021,31649.60547,0.012555,1298.101807
1124,29/1/2021,34316.38672,0.047162,1382.522827
1125,30/1/2021,34269.52344,0.028176,1376.115479
1126,31/1/2021,33114.35938,0.037196,1314.986206
1127,1/2/2021,33537.17578,0.034875,1369.040527
1128,2/2/2021,35510.28906,0.03152,1515.193726
1129,3/2/2021,37472.08984,0.03712,1660.909546
1130,4/2/2021,36926.06641,0.053289,1594.762695
1131,5/2/2021,38144.30859,0.046935,1718.650879
1132,6/2/2021,39266.01172,0.057595,1677.846802
1133,7/2/2021,38903.44141,0.078782,1614.227783
1134,8/2/2021,46196.46484,0.078825,1746.616821
1135,9/2/2021,46481.10547,0.07007,1768.035034
1136,10/2/2021,44918.18359,0.072896,1744.243408
1137,11/2/2021,47909.33203,0.069676,1783.797974
1138,12/2/2021,47504.85156,0.070069,1843.532593
1139,13/2/2021,47105.51563,0.06645,1814.109863
1140,14/2/2021,48717.28906,0.062537,1805.084106
1141,15/2/2021,47945.05859,0.056591,1779.791016
1142,16/2/2021,49199.87109,0.05352,1781.067505
1143,17/2/2021,52149.00781,0.049376,1848.458252
1144,18/2/2021,51679.79688,0.059541,1937.449219
1145,19/2/2021,55888.13281,0.055139,1960.164795
1146,20/2/2021,56099.51953,0.054384,1919.534058
1147,21/2/2021,57539.94531,0.05598,1935.601074
1148,22/2/2021,54207.32031,0.053725,1781.99292
1149,23/2/2021,48824.42578,0.047392,1570.203979
1150,24/2/2021,49705.33203,0.056555,1626.575684
1151,25/2/2021,47093.85156,0.050167,1475.703735
1152,26/2/2021,46339.76172,0.05048,1446.033691
1153,27/2/2021,46188.45313,0.050083,1459.973145
1154,28/2/2021,45137.76953,0.048052,1416.04895
1155,1/3/2021,49631.24219,0.050599,1564.707642
1156,2/3/2021,48378.98828,0.050262,1492.608765
1157,3/3/2021,50538.24219,0.050592,1575.853149
1158,4/3/2021,48561.16797,0.050048,1541.914307
1159,5/3/2021,48927.30469,0.049609,1533.275024
1160,6/3/2021,48912.38281,0.050984,1654.741577
1161,7/3/2021,51206.69141,0.052122,1723.153809
1162,8/3/2021,52246.52344,0.061949,1834.727905
1163,9/3/2021,54824.11719,0.057998,1868.048828
1164,10/3/2021,56008.55078,0.056004,1799.16626
1165,11/3/2021,57805.12109,0.055918,1826.194946
1166,12/3/2021,57332.08984,0.055349,1772.102417
1167,13/3/2021,61243.08594,0.062432,1924.685425
1168,14/3/2021,59302.31641,0.058592,1854.564331
1169,15/3/2021,55907.19922,0.057088,1791.702271
1170,16/3/2021,56804.90234,0.058607,1806.971802
1171,17/3/2021,58870.89453,0.057653,1823.449341
1172,18/3/2021,57858.92188,0.057383,1782.855103
1173,19/3/2021,58346.65234,0.058328,1817.624146
1174,20/3/2021,58313.64453,0.058961,1812.634644
1175,21/3/2021,57523.42188,0.057234,1788.217041
1176,22/3/2021,54529.14453,0.054962,1691.333984
1177,23/3/2021,54738.94531,0.053556,1678.650146
1178,24/3/2021,52774.26563,0.051702,1593.413452
1179,25/3/2021,51704.16016,0.051448,1595.359253
1180,26/3/2021,55137.3125,0.053952,1702.842041
1181,27/3/2021,55973.51172,0.054377,1716.494629
1182,28/3/2021,55950.74609,0.053698,1691.355957
1183,29/3/2021,57750.19922,0.054052,1819.684937
1184,30/3/2021,58917.69141,0.0539,1846.033691
1185,31/3/2021,58918.83203,0.053657,1918.362061
1186,1/4/2021,59095.80859,0.061986,1977.276855
1187,2/4/2021,59384.3125,0.057664,2143.225586
1188,3/4/2021,57603.89063,0.055804,2028.422485
1189,4/4/2021,58758.55469,0.057404,2093.122803
1190,5/4/2021,59057.87891,0.059696,2107.887207
1191,6/4/2021,58192.35938,0.064458,2118.378906
1192,7/4/2021,56048.9375,0.059028,1971.077271
1193,8/4/2021,58323.95313,0.061464,2088.57373
1194,9/4/2021,58245.00391,0.061684,2072.108887
1195,10/4/2021,59793.23438,0.063845,2135.942139
1196,11/4/2021,60204.96484,0.074649,2157.656982
1197,12/4/2021,59893.45313,0.070767,2139.353271
1198,13/4/2021,63503.45703,0.093445,2299.187744
1199,14/4/2021,63109.69531,0.121517,2435.10498
1200,15/4/2021,63314.01172,0.182207,2519.116211
1201,16/4/2021,61572.78906,0.36587,2431.946533
1202,17/4/2021,60683.82031,0.284173,2344.89502
1203,18/4/2021,56216.18359,0.320475,2237.136963
1204,19/4/2021,55724.26563,0.407318,2166.188721
1205,20/4/2021,56473.03125,0.3195,2330.210938
1206,21/4/2021,53906.08984,0.306925,2364.751709
1207,22/4/2021,51762.27344,0.260967,2403.535156
1208,23/4/2021,51093.65234,0.248509,2363.586182
1209,24/4/2021,50050.86719,0.270212,2211.625732
1210,25/4/2021,49004.25391,0.251111,2316.05957
1211,26/4/2021,54021.75391,0.270674,2534.481689
1212,27/4/2021,55033.11719,0.272188,2662.865234
1213,28/4/2021,54824.70313,0.323682,2746.380127
1214,29/4/2021,53555.10938,0.305169,2756.876953
1215,30/4/2021,57750.17578,0.337561,2773.207031
1216,1/5/2021,57828.05078,0.392987,2945.892822
1217,2/5/2021,56631.07813,0.376046,2952.056152
1218,3/5/2021,57200.29297,0.441707,3431.086182
1219,4/5/2021,53333.53906,0.541334,3253.629395
1220,5/5/2021,57424.00781,0.657633,3522.783203
1221,6/5/2021,56396.51563,0.580804,3490.880371
1222,7/5/2021,57356.40234,0.684777,3484.729004
1223,8/5/2021,58803.77734,0.636439,3902.647705
1224,9/5/2021,58232.31641,0.57007,3928.844727
1225,10/5/2021,55859.79688,0.449964,3952.293945
1226,11/5/2021,56704.57422,0.495231,4168.701172
1227,12/5/2021,49150.53516,0.385376,3785.848633
1228,13/5/2021,49716.19141,0.490374,3715.148438
1229,14/5/2021,49880.53516,0.559604,4079.057373
1230,15/5/2021,46760.1875,0.507972,3638.12207
1231,16/5/2021,46456.05859,0.514895,3587.506104
1232,17/5/2021,43537.51172,0.487892,3282.397705
1233,18/5/2021,42909.40234,0.476115,3380.070068
1234,19/5/2021,37002.44141,0.333123,2460.679199
1235,20/5/2021,40782.73828,0.400194,2784.294189
1236,21/5/2021,37304.69141,0.359382,2430.621338
1237,22/5/2021,37536.63281,0.342371,2295.705566
1238,23/5/2021,34770.58203,0.308071,2109.579834
1239,24/5/2021,38705.98047,0.366162,2643.591064
1240,25/5/2021,38402.22266,0.346302,2706.628906
1241,26/5/2021,39294.19922,0.353693,2888.69873
1242,27/5/2021,38436.96875,0.332945,2736.488525
1243,28/5/2021,35697.60547,0.311205,2419.90625
1244,29/5/2021,34616.06641,0.30311,2279.51416
1245,30/5/2021,35678.12891,0.302224,2390.30542
1246,31/5/2021,37332.85547,0.32581,2714.945313
1247,1/6/2021,36684.92578,0.370077,2633.518311
1248,2/6/2021,37575.17969,0.423374,2706.125
1249,3/6/2021,39208.76563,0.399963,2855.126465
1250,4/6/2021,36894.40625,0.376323,2688.195068
1251,5/6/2021,35551.95703,0.372177,2630.576904
1252,6/6/2021,35862.37891,0.371807,2715.092773
1253,7/6/2021,33560.70703,0.33105,2590.263184
1254,8/6/2021,33472.63281,0.327687,2517.438721
1255,9/6/2021,37345.12109,0.343331,2608.26709
1256,10/6/2021,36702.59766,0.326351,2471.518555
1257,11/6/2021,37334.39844,0.319359,2353.768799
1258,12/6/2021,35552.51563,0.312084,2372.484375
1259,13/6/2021,39097.85938,0.324382,2508.391602
1260,14/6/2021,40218.47656,0.332085,2537.891113
1261,15/6/2021,40406.26953,0.328381,2610.936768
1262,16/6/2021,38347.0625,0.307761,2367.663574
1263,17/6/2021,38053.50391,0.306496,2372.001953
1264,18/6/2021,35787.24609,0.293472,2231.733154
1265,19/6/2021,35615.87109,0.287356,2178.499023
1266,20/6/2021,35698.29688,0.2809,2246.364502
1267,21/6/2021,31676.69336,0.178691,1888.44751
1268,22/6/2021,32505.66016,0.191031,1874.950073
1269,23/6/2021,33723.02734,0.232174,1989.736328
1270,24/6/2021,34662.4375,0.262782,1988.456299
1271,25/6/2021,31637.7793,0.239153,1813.217285
1272,26/6/2021,32186.27734,0.244784,1829.239258
1273,27/6/2021,34649.64453,0.26445,1978.894653
1274,28/6/2021,34434.33594,0.256857,2079.657471
1275,29/6/2021,35867.77734,0.262769,2160.768311
1276,30/6/2021,35040.83594,0.254215,2274.547607
